,Li,Na,Mg,Al,Si,K,Ca,Ti,Cr,Mn,Fe,Co,Ni,Cu,Zn,As,Sr,Mo,Cd,Ba,Pb
Blank,0.690,6.736,0.438,0.760,176.427,23.664,0.611,0.119,0.040,0.035,1.357,0.009,0.264,0.049,0.237,0.000,0.014,0.271,0.017,0.208,0.073
SH64C Disk t0,8.043,186634.555,62.627,18.090,1167.482,670618.883,49.491,0.852,0.494,2.080,16.092,2.139,2.297,1.164,42.387,0.066,3.920,193.573,0.216,11.922,1.003
SH64C Disk t0.5,7.253,156300.391,400.277,36.526,1103.612,514.503,205.670,3.270,0.774,0.799,14.341,0.112,1.293,0.973,61.495,0.058,4.036,2.099,0.094,29.197,2.102
SH64C Disk t1,6.059,166300.311,615.189,31.647,1236.546,547.076,243.967,3.496,1.400,0.910,23.842,0.151,2.514,0.803,57.388,0.045,5.231,2.114,0.083,13.634,2.036
SH64C Disk t2,6.453,168434.256,771.115,34.805,1350.163,442.722,268.694,4.346,1.964,0.986,29.775,0.166,2.955,0.817,93.762,0.074,6.513,2.145,0.099,18.643,2.042
SH64C Disk t3,6.821,163302.785,841.455,146.802,1432.954,440.965,308.343,4.015,1.077,0.830,34.680,0.142,2.589,1.178,61.175,0.000,6.913,2.136,0.079,18.484,2.095
SH64C Disk t4,6.255,173330.674,979.739,68.584,2150.237,466.407,401.093,6.084,0.948,1.697,33.803,0.127,2.296,0.801,50.078,0.059,7.867,1.819,0.104,20.682,2.248
SH64C Disk t7,4.332,167517.537,1153.051,141.758,1720.829,484.807,406.916,5.905,0.830,1.132,43.457,0.148,2.120,0.915,82.043,0.133,9.455,1.838,0.116,39.673,2.196
SH64C Disk t9,6.099,168361.840,1238.040,76.824,1687.359,474.364,429.015,6.097,1.250,0.933,43.192,0.169,2.307,1.249,45.545,0.071,10.212,1.869,0.106,32.751,2.275
SH64C Disk t15,5.476,175765.444,1605.380,202.165,1953.879,508.149,551.368,9.483,1.550,1.756,108.796,0.206,4.950,1.090,51.712,0.089,13.646,1.900,0.095,42.904,2.391
SH64C Disk t18,4.141,168213.532,1600.049,179.837,1909.634,556.449,567.914,12.032,2.351,1.800,119.485,0.213,4.149,1.070,63.370,0.143,13.779,2.082,0.094,46.312,2.411
SH64C Disk t23,6.426,165138.991,1724.302,163.452,2354.299,525.589,584.450,8.629,2.009,2.351,82.603,0.247,4.501,1.074,66.081,0.187,15.049,2.057,0.083,55.309,2.216
SH64C Disk t42,8.511,167847.182,2043.916,180.956,2205.431,543.786,733.206,9.824,0.931,1.378,87.532,0.134,1.416,1.304,69.523,0.213,18.920,2.329,0.103,94.020,2.457
,,,,,,,,,,,,,,,,,,,,,
Blank,0.673,53.237,4.082,4.759,148.337,43.111,22.796,0.421,0.169,0.078,2.389,0.015,0.309,0.171,0.788,0.016,0.096,0.161,0.012,0.538,0.469
C4-67C Disk t0,3.911,186700.691,36.798,47.790,1142.644,55533.501,88.967,1.573,0.980,1.928,18.378,10.341,1.677,1.434,39.220,0.029,1.300,17.217,0.172,36.329,2.878
C4-67C Disk t0.5,3.398,164228.448,388.832,26.894,1196.914,439.385,205.448,3.039,0.856,1.966,14.213,0.108,1.490,0.699,97.281,0.028,8.947,1.162,0.034,14.171,2.179
C4-67C Disk t1,3.804,165937.527,551.192,28.652,1688.376,493.104,263.447,3.690,0.928,1.997,20.232,0.141,2.069,1.595,76.065,0.015,11.221,1.501,0.087,8.409,2.075
C4-67C Disk t2,5.251,168944.570,651.152,39.646,1134.627,531.043,298.042,4.610,1.143,2.028,28.013,0.143,2.728,0.784,51.988,0.057,13.026,1.484,0.092,7.980,2.110
C4-67C Disk t3,4.666,164932.531,705.372,34.383,1365.674,567.208,349.842,6.088,1.053,3.201,25.340,0.169,1.732,0.840,74.367,0.083,13.269,1.426,0.070,10.564,2.132
C4-67C Disk t4,2.610,174048.455,809.592,71.835,1339.343,562.250,366.436,5.259,0.941,2.688,34.614,0.199,2.125,1.119,129.330,0.131,15.322,1.532,0.069,12.242,2.179
C4-67C Disk t7,3.242,163673.118,953.802,101.698,1597.928,601.401,414.089,6.038,0.954,2.808,42.187,0.246,2.268,1.106,36.496,0.110,16.835,1.596,0.057,8.207,2.174
C4-67C Disk t9,4.058,171103.055,1050.487,52.556,1612.680,644.093,460.202,5.898,0.952,3.140,55.438,0.312,4.139,1.053,34.806,0.131,18.067,1.802,0.078,8.385,2.474
C4-67C Disk t15,3.980,169491.492,1303.440,107.772,2026.633,652.974,542.230,14.462,1.198,4.109,84.152,0.340,2.597,1.253,40.330,0.203,20.335,1.732,0.078,10.167,2.722
C4-67C Disk t18,3.362,174259.222,1422.082,178.350,2025.822,657.544,609.010,8.691,0.922,4.384,95.348,0.469,2.604,1.310,55.708,0.112,22.687,1.913,0.124,10.289,2.574
C4-67C Disk t23,3.534,174687.734,1624.518,207.292,2155.276,713.670,674.898,16.222,1.048,4.690,113.920,0.509,2.096,1.230,47.988,0.205,25.124,1.855,0.091,11.267,2.431
C4-67C Disk t42,4.191,163811.430,1836.890,167.761,2169.122,715.297,769.401,18.326,1.025,5.823,96.513,0.796,2.341,1.513,38.398,0.336,28.076,2.148,0.076,20.016,2.422
,,,,,,,,,,,,,,,,,,,,,
Blank,0.567,55.774,2.956,4.587,194.982,26.874,13.196,0.229,0.194,0.088,2.206,0.021,0.279,0.187,0.876,0.005,0.082,0.133,0.011,1.305,0.494
SH64B Disk t0,7.068,195882.636,143.402,47.248,1825.174,1606427.263,167.773,2.616,1.557,4.159,36.974,0.458,4.114,3.014,126.731,0.048,9.123,427.471,0.667,57.230,3.944
SH64B Disk t0.5,4.343,187480.436,1074.076,22.666,1227.384,59362.821,444.924,5.270,1.442,2.242,12.718,0.168,2.540,1.259,175.313,0.042,8.722,19.400,0.296,22.033,2.510
SH64B Disk t1,3.127,181276.121,1506.291,21.838,1391.641,59679.998,524.704,6.477,20.504,3.652,121.141,0.479,18.170,1.670,134.253,0.014,11.367,19.470,0.126,23.870,2.193
SH64B Disk t2,3.939,185617.435,1857.684,27.321,1269.473,61139.099,628.852,7.960,2.529,2.309,17.453,0.232,2.441,1.238,92.466,0.056,13.077,18.871,0.096,29.015,2.069
SH64B Disk t3,3.116,179009.899,2101.288,47.724,1440.212,59424.890,692.127,8.938,3.249,2.234,25.889,0.215,3.016,1.489,100.411,0.057,13.267,19.126,0.088,31.344,2.003
SH64B Disk t4,3.626,186355.156,2393.822,28.975,1519.206,61098.323,809.651,9.855,2.137,2.270,23.779,0.265,2.942,1.334,102.464,0.029,14.995,19.063,0.132,32.430,2.142
SH64B Disk t7,3.380,185284.194,2970.877,35.685,1333.287,60071.877,945.630,11.628,2.625,2.044,16.521,0.254,2.919,1.598,72.071,0.087,17.076,19.798,0.114,36.003,1.945
SH64B Disk t9,2.840,182270.088,3167.114,40.236,1552.964,60655.993,1026.069,12.458,2.265,1.841,20.242,0.285,2.200,1.616,66.797,0.028,17.055,18.942,0.167,39.187,2.126
SH64B Disk t15,3.717,184326.947,3871.335,33.952,1548.674,59907.158,1193.377,14.921,2.113,1.769,23.162,0.296,2.415,2.206,43.125,0.030,20.095,19.165,0.159,44.458,2.138
SH64B Disk t18,2.635,190054.637,4073.713,30.184,1581.300,62822.323,1257.557,15.830,1.786,1.968,19.515,0.313,2.691,2.736,81.641,0.074,21.311,20.580,0.139,51.088,2.208
SH64B Disk t23,3.544,181914.055,4340.323,34.193,1584.800,61241.683,1368.741,16.864,1.423,2.146,17.234,0.294,2.003,2.218,56.323,0.056,22.042,19.783,0.175,53.366,2.169
SH64B Disk t42,3.254,185355.383,5687.950,37.632,1778.401,61095.605,1639.625,20.935,1.566,2.559,36.214,0.357,1.676,3.114,76.116,0.056,25.572,19.254,0.213,93.852,2.222
,,,,,,,,,,,,,,,,,,,,,
Blank,0.420,59.053,3.037,4.825,156.926,42.434,10.628,0.192,0.189,0.097,2.327,0.022,0.261,0.170,0.807,0.000,0.072,0.143,0.016,0.643,0.467
C4-67B Disk t0,4.264,194447.392,36.685,29.218,1262.473,212533.616,103.695,1.349,1.131,1.489,18.839,1.098,1.929,3.230,110.814,0.087,1.858,55.840,0.479,31.300,3.204
C4-67B Disk t0.5,3.714,183164.436,580.309,56.709,1170.361,639.698,279.407,3.989,0.949,4.826,44.367,0.235,2.066,0.940,212.138,0.125,10.115,1.018,0.279,18.924,2.734
C4-67B Disk t1,3.066,183928.157,883.789,31.230,1258.664,629.493,371.359,4.867,0.938,7.501,45.248,0.232,2.019,0.822,198.694,0.096,15.213,1.035,0.160,11.520,2.301
C4-67B Disk t2,3.505,181709.607,1187.920,44.481,1241.436,661.855,477.495,7.112,2.165,9.707,56.899,0.370,4.751,0.917,172.259,0.041,18.510,1.026,0.097,12.472,2.107
C4-67B Disk t3,3.622,185533.086,1467.710,33.934,1303.967,744.290,588.868,10.000,0.928,12.276,37.926,0.320,2.120,1.219,141.657,0.068,21.639,0.913,0.095,12.957,2.151
C4-67B Disk t4,2.637,181633.622,1625.414,39.379,1235.686,666.426,666.548,9.454,0.889,12.755,38.532,0.296,1.913,0.917,140.456,0.083,23.901,0.952,0.076,12.137,2.185
C4-67B Disk t7,2.900,178815.416,2186.731,69.645,1325.793,711.358,866.206,10.777,0.918,14.665,55.930,0.386,1.909,0.772,91.303,0.081,29.943,1.132,0.083,14.260,2.164
C4-67B Disk t9,2.958,184632.973,2627.451,142.160,1491.116,739.558,991.227,13.175,7.464,17.131,112.226,0.570,5.776,1.029,90.345,0.142,33.453,1.416,0.075,15.799,2.302
C4-67B Disk t15,4.664,184617.231,3252.476,107.691,1278.104,766.870,1212.163,17.119,2.362,20.080,81.668,0.695,2.755,3.578,66.687,0.028,39.713,1.394,0.080,19.051,2.497
C4-67B Disk t18,3.047,185014.780,3375.854,166.723,1292.613,766.709,1302.222,22.583,0.940,19.862,97.014,0.838,3.028,1.142,66.550,0.068,41.661,1.723,0.097,18.266,2.542
C4-67B Disk t23,5.135,184476.461,3592.452,78.605,1532.597,797.208,1385.107,20.141,0.786,21.059,111.747,0.951,1.901,0.785,49.839,0.068,42.866,1.721,0.089,19.458,2.201
C4-67B Disk t42,2.551,186805.047,4270.420,137.336,1883.718,864.257,1598.357,19.891,1.470,23.493,93.815,1.492,2.140,1.113,49.373,0.172,51.071,2.103,0.145,24.141,2.450
,,,,,,,,,,,,,,,,,,,,,
Blank,0.167,63.008,5.132,4.685,182.752,34.257,22.914,0.357,0.185,0.076,2.156,0.023,0.280,0.233,0.772,0.005,0.109,0.135,0.014,0.552,0.459
SH64D Disk t0,4.881,189639.910,100.884,27.730,1741.725,1185726.194,112.164,1.748,1.167,1.785,20.408,1.450,2.793,2.194,64.372,0.046,7.100,312.721,0.292,57.199,2.356
SH64D Disk t0.5,2.016,172350.043,469.102,57.822,1430.870,724.433,217.233,4.599,0.773,1.077,28.174,0.122,1.461,0.499,92.222,0.027,4.274,1.442,0.063,13.324,2.044
SH64D Disk t1,2.975,166745.658,761.283,94.963,1551.432,597.814,296.520,8.964,16.692,4.337,131.792,0.433,20.195,1.049,79.364,0.027,6.219,1.055,0.078,20.096,2.186
SH64D Disk t2,2.129,164388.519,896.834,91.460,1388.289,563.443,367.885,5.361,6.584,1.302,73.327,0.188,3.860,1.066,66.536,0.013,6.488,1.031,0.061,9.417,2.257
SH64D Disk t3,3.480,176021.105,1094.055,188.190,1623.818,599.349,381.693,11.569,12.370,4.827,209.913,0.717,21.853,1.292,95.301,0.027,7.563,1.136,0.070,11.039,2.465
SH64D Disk t4,2.632,173186.704,1182.349,282.702,2496.300,589.624,398.747,7.403,9.485,1.273,131.480,0.267,6.002,1.170,112.484,0.041,7.938,1.251,0.094,13.405,2.377
SH64D Disk t7,2.320,174163.083,1445.340,197.701,1620.835,584.516,475.442,7.929,7.179,1.507,107.376,0.211,2.918,1.186,122.702,0.069,9.541,1.098,0.063,16.480,2.567
SH64D Disk t9,3.783,170726.470,1493.529,182.007,1836.339,611.986,501.640,8.308,6.807,1.123,150.650,0.218,2.920,1.046,87.130,0.041,9.628,1.181,0.104,12.891,2.785
SH64D Disk t15,2.325,173892.760,1722.590,322.543,2190.774,670.661,593.499,13.142,14.372,1.701,199.175,0.359,4.083,0.945,103.291,0.173,10.834,1.309,0.109,14.541,2.963
SH64D Disk t18,3.167,175720.257,1899.848,212.727,1989.282,654.362,631.027,10.008,7.779,1.488,174.588,0.236,3.612,54.827,114.693,0.136,11.762,1.362,0.092,15.705,2.914
SH64D Disk t23,2.311,175193.810,1972.794,319.457,2516.954,673.382,687.336,16.117,7.421,1.956,208.998,0.194,2.619,1.132,123.937,0.162,12.614,1.211,0.103,16.714,3.033
SH64D Disk t42,4.245,175694.545,2300.536,442.396,2622.928,692.702,801.889,21.013,7.126,2.338,217.790,0.184,2.337,1.135,152.730,0.162,14.665,1.368,0.124,38.427,3.275
,,,,,,,,,,,,,,,,,,,,,
Blank,0.372,56.083,3.792,4.801,179.960,35.226,13.787,0.267,0.192,0.064,2.302,0.023,0.264,0.162,0.710,0.000,0.081,0.156,0.015,0.472,0.493
C4-67D Disk t0,2.522,190314.596,30.276,25.422,1570.649,155019.748,76.940,1.676,0.860,1.053,17.753,17.517,1.739,1.625,42.816,0.015,1.785,41.093,0.072,40.761,2.014
C4-67D Disk t0.5,1.727,177374.405,382.281,25.092,1319.971,422.896,223.186,4.650,9.548,2.547,61.253,0.423,10.336,0.665,124.955,0.013,8.254,1.099,0.060,8.832,2.231
C4-67D Disk t1,2.354,172471.990,610.950,29.889,1491.510,562.777,287.463,3.962,0.863,3.145,18.551,0.293,3.392,1.428,152.925,0.090,11.806,1.309,0.106,8.480,2.070
C4-67D Disk t2,1.833,176361.444,783.692,38.510,1598.655,496.955,373.119,5.092,3.997,4.144,48.765,0.448,3.783,1.079,55.630,0.027,14.304,1.279,0.082,7.240,2.138
C4-67D Disk t3,3.353,177784.256,928.184,70.415,1307.729,521.778,442.157,6.694,1.088,4.064,25.501,0.456,2.988,0.946,90.208,0.054,15.352,1.194,0.081,9.500,2.135
C4-67D Disk t4,3.676,177643.416,1024.624,52.838,1349.159,542.322,425.377,5.555,38.899,7.682,246.664,1.264,32.647,1.598,99.297,0.055,17.035,2.155,0.079,9.179,2.079
C4-67D Disk t7,3.093,175596.416,1254.292,43.761,1413.007,578.200,545.677,6.846,10.763,4.654,82.812,0.978,9.748,1.247,58.296,0.146,20.314,1.737,0.057,10.852,2.162
C4-67D Disk t9,3.567,172568.408,1392.931,61.611,1422.066,608.290,597.477,9.354,6.392,4.493,65.367,1.065,3.159,1.079,27.081,0.081,21.375,1.713,0.062,9.080,2.259
C4-67D Disk t15,3.306,177172.108,1693.856,71.409,1562.960,595.080,758.522,11.023,13.173,6.541,147.628,1.630,14.113,1.206,36.477,0.081,25.127,1.885,0.078,8.470,2.563
C4-67D Disk t18,2.980,168668.337,1807.099,117.132,1718.771,636.496,797.383,10.503,6.463,6.645,92.374,1.699,4.324,3.601,33.084,0.080,26.699,1.873,0.103,10.536,2.590
C4-67D Disk t23,3.224,173300.776,2034.238,102.520,1877.273,683.671,908.704,13.747,6.212,6.272,87.158,1.929,4.170,1.028,34.631,0.132,29.573,2.010,0.093,10.532,2.577
C4-67D Disk t42,4.164,174221.712,2578.740,116.605,1906.389,719.244,1153.237,16.588,5.472,8.318,128.514,3.057,4.243,1.199,38.182,0.160,36.358,2.426,0.137,42.946,2.515
,,,,,,,,,,,,,,,,,,,,,
Blank,0.397,56.542,3.293,5.374,171.613,33.622,12.934,0.274,0.179,0.090,2.403,0.028,0.275,0.203,0.853,0.005,0.083,0.125,0.014,0.544,0.478
SH64A Disk t0,1.722,198430.672,39.325,32.146,1147.018,62917.922,139.367,2.316,0.885,1.722,18.018,7.654,5.440,1.665,88.217,0.080,1.303,16.483,0.891,37.661,5.384
SH64A Disk t0.5,2.645,180187.284,1007.658,22.544,1238.308,384.751,432.903,5.364,0.762,7.204,28.912,0.314,1.967,0.584,256.687,0.026,7.024,0.860,0.490,20.654,3.313
SH64A Disk t1,4.234,188408.560,2430.382,31.413,1148.029,450.365,821.024,10.681,0.886,13.943,28.894,0.522,2.096,1.190,297.357,0.013,13.543,0.850,0.394,43.734,2.233
SH64A Disk t2,1.861,183565.935,3182.481,39.815,1249.944,446.628,1120.098,13.104,0.794,16.571,30.814,0.571,2.323,2.398,361.829,0.026,17.088,0.774,0.376,53.738,2.124
SH64A Disk t3,2.729,187347.746,4049.146,37.902,1170.908,491.766,1293.450,16.015,0.834,20.750,31.870,0.645,2.292,1.597,222.582,0.000,21.109,0.868,0.293,64.906,2.066
SH64A Disk t4,2.103,180982.862,4726.860,41.852,1048.692,494.636,1479.922,17.662,2.112,24.355,60.549,0.714,5.148,4.905,261.564,0.053,22.867,0.851,0.308,82.385,2.131
SH64A Disk t7,3.786,185629.231,6530.773,38.904,1503.527,542.607,2092.602,26.578,0.868,33.058,33.546,0.863,2.844,1.357,295.829,0.026,30.544,0.940,0.325,116.972,2.161
SH64A Disk t9,2.634,178216.164,7615.135,134.103,1395.808,654.351,3058.209,34.425,3.699,38.437,64.401,2.602,6.292,2.639,238.016,0.026,35.467,1.331,0.340,166.285,2.252
SH64A Disk t15,2.698,186707.163,10067.520,48.696,1413.212,599.610,2954.963,35.642,2.313,50.263,74.904,1.280,5.260,1.263,207.407,0.093,42.170,0.867,0.308,202.839,2.268
SH64A Disk t18,4.840,190517.774,10685.973,73.875,1486.509,619.833,3351.919,41.197,1.623,60.402,69.457,1.506,7.102,4.785,192.407,0.091,43.593,0.929,0.362,228.276,2.203
SH64A Disk t23,3.481,184961.146,11200.750,57.603,1711.422,620.215,3511.152,39.336,0.766,62.407,43.349,1.644,2.861,1.216,191.134,0.088,48.247,0.904,0.296,262.449,2.256
SH64A Disk t42,2.945,184645.604,13900.134,97.047,1922.230,713.249,4460.193,53.964,0.877,84.009,86.914,1.999,2.632,4.727,297.963,0.076,59.674,0.858,0.377,387.599,2.466
,,,,,,,,,,,,,,,,,,,,,
Blank,0.611,46.926,5.960,5.183,202.593,32.475,24.516,0.418,0.189,0.089,2.235,0.027,0.290,0.181,0.896,0.005,0.105,0.114,0.017,0.551,0.471
C4-67A Disk t0,2.117,201743.789,23.838,26.692,1193.955,16707.691,77.889,1.474,0.866,0.958,12.275,3.794,1.425,1.440,73.742,0.039,1.132,9.280,0.872,31.258,4.625
C4-67A Disk t0.5,2.230,185229.907,899.320,28.128,1292.591,3946.029,385.869,5.230,0.816,7.667,45.338,0.485,1.869,0.561,221.069,0.039,14.031,2.333,0.514,15.372,3.145
C4-67A Disk t1,2.459,186604.504,1780.968,23.819,1252.602,3661.109,685.941,8.504,9.814,16.672,77.291,1.049,14.152,1.053,237.189,0.013,24.015,2.238,0.257,12.919,2.168
C4-67A Disk t2,2.408,185346.695,2334.571,23.277,1353.244,3710.943,901.589,11.296,2.465,21.275,23.456,1.177,4.774,1.039,200.213,0.075,29.804,2.213,0.241,12.935,2.115
C4-67A Disk t3,4.175,196943.599,3205.756,39.935,1368.519,3820.911,1161.002,14.223,2.685,27.528,63.865,1.528,9.101,1.607,275.630,0.147,38.583,2.367,0.216,22.287,2.262
C4-67A Disk t4,3.519,187576.444,3721.213,22.066,1172.777,3768.154,1336.061,16.725,1.871,30.401,18.932,1.465,3.947,0.953,153.665,0.065,40.976,2.353,0.235,15.737,1.881
C4-67A Disk t7,2.619,193186.658,5391.137,28.254,1139.464,3841.007,1853.589,23.120,1.961,42.414,17.551,1.862,4.271,0.840,211.055,0.078,53.434,2.069,0.175,33.240,1.911
C4-67A Disk t9,3.082,182781.196,5972.211,24.794,1081.192,3910.543,2047.378,25.369,2.079,48.791,21.561,2.196,5.016,2.859,165.010,0.097,55.473,2.045,0.149,19.071,1.971
C4-67A Disk t15,3.672,192822.484,7930.490,25.254,1264.427,4046.786,2797.337,33.937,2.899,68.375,29.059,2.670,6.877,1.131,182.357,0.087,62.078,1.977,0.183,22.870,2.154
C4-67A Disk t18,2.130,184832.653,8315.132,26.202,1328.251,3996.642,2870.173,32.645,1.383,73.370,17.219,2.818,5.701,3.984,161.396,0.147,68.502,2.002,0.185,24.483,2.108
C4-67A Disk t23,3.792,190432.488,9289.902,21.917,1441.223,4076.455,3288.668,38.546,1.285,88.988,15.527,3.131,4.659,1.398,181.202,0.061,70.651,2.054,0.159,25.367,1.932
C4-67A Disk t42,3.347,186435.809,11827.975,26.474,1198.017,4107.555,4031.806,51.407,1.251,122.223,15.922,4.225,4.866,0.841,302.317,0.073,85.969,2.013,0.161,29.279,1.999
,,,,,,,,,,,,,,,,,,,,,
Blank,0.315,43.896,3.430,5.648,172.044,31.908,11.479,0.767,0.196,0.081,2.537,0.026,0.308,0.292,0.829,0.014,0.081,0.117,0.017,0.592,0.484
SH64C Dust t0,1.847,189298.153,25.748,25.701,1143.918,268.341,101.398,1.685,0.896,1.173,22.245,0.187,3.502,0.901,26.592,0.050,1.221,1.339,0.078,53.442,1.914
SH64C Dust t0.5,5.115,183762.324,3862.423,3549.116,7739.025,2237.161,1131.754,126.714,3.997,110.981,2654.478,4.153,9.876,9.365,67.861,1.492,17.591,1.135,0.212,94.805,6.640
SH64C Dust t1,3.220,178764.763,4144.975,3561.680,7000.115,2237.309,1277.021,129.369,3.909,111.645,2559.654,4.288,10.260,10.121,92.915,1.573,20.819,1.317,0.222,98.271,6.696
SH64C Dust t2,2.692,186276.483,4156.701,3941.766,8670.100,2372.741,1315.201,115.226,5.704,106.061,2728.663,4.406,13.477,9.495,118.751,1.681,21.843,1.451,0.242,113.411,6.797
SH64C Dust t3,5.978,179422.668,4517.304,3838.250,8306.734,2280.946,1517.822,122.615,21.777,105.892,2838.052,4.849,37.383,15.679,83.327,1.703,25.057,2.008,0.198,119.534,6.801
SH64C Dust t4,4.628,174968.680,4737.984,3960.399,9587.848,2408.549,1582.335,110.233,90.687,118.625,3461.696,7.276,116.992,10.878,157.723,1.789,26.306,3.209,0.233,128.475,7.367
SH64C Dust t7,5.757,177173.696,5510.911,3862.534,8594.828,2427.493,1901.100,109.507,5.099,121.184,2930.552,4.753,12.449,10.110,92.583,2.166,29.570,1.785,0.283,151.144,7.634
SH64C Dust t9,5.569,180083.198,4842.979,3668.972,8771.246,2479.454,1798.028,127.804,80.941,120.650,3710.666,8.888,171.843,10.468,58.367,2.163,29.882,2.282,0.211,155.518,7.517
SH64C Dust t15,5.664,177127.163,6051.246,3938.291,9749.798,2710.247,2187.670,121.187,5.603,125.099,3159.593,5.287,13.843,9.444,53.133,1.947,34.952,1.850,0.279,181.178,8.220
SH64C Dust t18,5.863,177983.921,5379.378,3874.493,9139.742,2515.120,2019.832,130.011,6.439,115.738,2992.055,4.665,12.751,8.911,43.885,2.236,35.563,1.924,0.231,191.839,7.245
SH64C Dust t23,6.177,190219.348,7210.896,3762.932,15747.932,2532.633,2536.278,97.476,5.804,134.117,3118.999,5.347,14.593,9.766,50.544,1.969,39.313,2.008,0.245,186.438,7.914
SH64C Dust t42,5.454,179536.653,6388.279,3384.698,7811.609,2420.844,2355.701,87.642,5.353,124.819,2841.948,5.319,12.714,8.509,47.070,1.855,42.838,1.998,0.281,241.605,7.638
,,,,,,,,,,,,,,,,,,,,,
Blank,0.295,43.372,3.238,7.428,183.625,32.566,12.453,0.376,0.187,0.083,3.225,0.024,0.337,0.157,0.849,0.002,0.072,0.128,0.018,0.525,0.481
C4_67C Dust t0,1.986,196135.339,37.306,26.508,880.601,5842.544,128.296,1.938,0.956,2.423,18.411,0.316,2.059,1.161,53.332,0.000,0.817,2.800,0.096,5.983,2.041
C4_67C Dust t0.5,3.784,186410.238,2703.881,1124.270,3151.908,5386.734,1031.973,29.257,2.013,21.086,1183.503,1.739,3.721,4.442,40.108,1.628,24.409,2.682,0.093,33.455,4.117
C4_67C Dust t1,3.489,187344.794,3422.288,1574.413,3623.789,5537.203,1280.721,68.104,2.820,28.436,1476.776,2.222,4.558,5.084,45.248,2.051,30.904,2.958,0.115,27.338,4.766
C4_67C Dust t2,3.736,182012.487,4070.331,1462.964,3291.615,5590.592,1501.966,67.496,2.701,30.687,1747.976,2.741,5.888,5.659,108.457,2.265,34.478,2.759,0.079,30.188,5.131
C4_67C Dust t3,3.491,184623.754,4640.569,1703.304,3746.638,5797.449,1681.268,65.633,2.793,37.677,2109.240,3.314,7.938,7.562,117.346,2.695,38.625,2.902,0.133,34.946,5.800
C4_67C Dust t4,4.405,183943.322,5229.981,1485.501,3338.153,5544.740,1841.043,47.803,2.544,45.986,2256.258,3.746,7.253,7.091,50.092,3.143,39.274,2.894,0.124,37.274,6.951
C4_67C Dust t7,4.352,183241.262,5561.913,1558.810,3440.267,5832.099,2011.980,48.730,2.411,45.899,2478.006,4.262,7.697,7.170,41.291,3.376,43.441,3.110,0.130,39.134,7.073
C4_67C Dust t9,5.031,178038.064,5985.002,1940.118,5724.093,5857.462,2150.517,64.625,2.989,52.555,2961.749,4.637,8.984,8.434,33.647,3.491,46.590,3.308,0.123,46.365,7.562
C4_67C Dust t15,5.552,180624.622,5893.900,1661.001,3940.961,5705.384,2189.455,73.668,2.760,58.856,2737.311,4.434,8.714,9.427,45.644,4.570,49.059,3.439,0.190,49.657,7.614
C4_67C Dust t18,6.054,187139.405,5881.087,1466.334,3978.506,5731.170,2224.452,102.541,2.597,60.235,2607.054,4.261,8.691,7.077,33.209,4.758,49.868,3.390,0.111,50.840,7.093
C4_67C Dust t23,4.894,176274.233,7019.055,1782.100,3888.030,5930.964,2663.380,63.137,4.072,78.195,3194.742,5.433,9.841,8.131,35.705,4.385,53.640,3.321,0.148,59.313,8.349
C4_67C Dust t42,5.234,187201.114,7355.086,1693.561,4835.749,6070.776,2860.927,48.393,2.607,74.603,3139.289,5.440,9.439,8.706,24.368,5.159,59.522,3.649,0.147,74.546,8.306
Rinse,,,,,,,,,,,,,,,,,,,,,
Ref5164a,,,,,,,,,,,,,,,,,,,,,
Ref5088,,,,,,,,,,,,,,,,,,,,,
Rinse,,,,,,,,,,,,,,,,,,,,,
,,,,,,,,,,,,,,,,,,,,,
Blank,0.406,39.154,3.070,5.690,160.326,31.038,11.105,0.417,0.186,0.109,2.605,0.027,0.277,0.251,0.996,0.007,0.064,0.152,0.015,0.533,0.508
SH64B Dust t0,3.026,190795.309,12.479,21.320,1010.942,227.998,51.331,1.201,0.891,0.954,18.234,0.179,3.137,0.989,56.355,0.099,0.846,0.779,0.413,32.505,2.962
SH64B Dust t0.5,5.078,186199.874,3763.399,3086.080,6370.342,2073.354,1214.264,99.550,3.876,80.547,2314.466,2.968,8.592,8.868,111.263,1.271,20.639,0.726,0.297,105.966,7.342
SH64B Dust t1,4.585,187684.380,4898.437,3197.607,6849.383,2125.891,1545.109,158.375,4.598,83.646,2558.292,3.168,9.959,10.394,106.821,1.338,24.884,0.942,0.253,116.256,7.959
SH64B Dust t2,6.446,193183.191,4825.914,3551.193,7650.436,2119.131,1567.520,168.406,4.726,74.373,2472.257,2.904,9.647,8.757,89.889,1.420,26.865,0.883,0.255,130.884,7.795
SH64B Dust t3,5.059,189791.812,5334.791,3298.791,7120.759,2239.978,1761.882,115.670,3.885,82.216,2437.080,3.505,10.024,8.406,91.691,1.626,29.178,0.983,0.250,138.488,7.656
SH64B Dust t4,5.332,178607.967,5105.465,3344.470,7365.347,2114.430,1669.870,125.261,3.980,72.923,2697.519,3.203,8.963,9.018,70.697,1.565,30.193,0.947,0.221,134.655,7.675
SH64B Dust t7,5.044,187214.338,6517.686,3573.834,8181.017,2373.259,2009.554,131.008,4.414,97.523,2981.147,3.677,10.203,9.112,68.751,1.834,33.686,1.264,0.176,178.200,8.559
SH64B Dust t9,3.775,186915.883,5707.102,3276.810,7542.656,2191.814,1871.465,78.718,3.827,80.923,2560.328,3.346,9.110,9.272,58.412,1.916,32.878,1.091,0.208,181.714,8.107
SH64B Dust t15,5.142,193274.109,6176.759,3075.672,6653.514,2129.925,2072.228,85.330,3.578,77.114,2546.795,3.441,11.916,10.425,47.699,1.746,36.575,1.280,0.214,199.985,8.179
SH64B Dust t18,6.399,188688.690,6681.197,3730.885,8102.693,2329.877,2220.347,107.282,4.439,88.921,3000.275,3.848,12.550,10.941,50.491,2.127,38.136,1.294,0.239,214.146,8.950
SH64B Dust t23,4.836,192238.439,6656.049,3300.295,7882.139,2158.549,2212.925,124.318,3.768,78.861,2847.469,3.470,9.501,9.631,46.422,2.466,38.194,1.345,0.194,228.429,8.238
SH64B Dust t42,6.301,182503.831,7394.082,3525.861,7982.930,2226.745,2470.388,110.782,3.746,95.141,2889.268,3.909,10.769,9.904,47.636,2.152,40.543,1.441,0.220,235.241,9.101
,,,,,,,,,,,,,,,,,,,,,
Blank,0.540,47.103,2.714,7.223,170.479,31.717,9.389,0.251,0.182,0.077,3.351,0.026,0.284,0.327,0.798,0.005,0.066,0.115,0.017,0.668,0.477
C4_67B Dust t0,2.290,190909.282,19.872,26.491,959.143,224.634,69.221,1.422,0.866,1.232,19.491,0.159,2.299,0.875,44.895,0.059,0.792,0.604,0.483,26.415,2.870
C4_67B Dust t0.5,6.305,193040.194,4058.473,3502.652,7194.757,2290.945,1367.553,140.718,4.455,37.414,2550.466,2.626,6.267,7.813,80.005,1.839,30.068,0.796,0.291,54.144,7.368
C4_67BDust t1,5.346,190984.972,4887.961,3426.001,6596.363,2285.046,1593.273,137.791,6.077,37.576,2918.664,3.161,11.042,53.682,76.042,2.201,39.074,0.869,0.215,50.159,7.751
C4_67B Dust t2,4.868,195243.825,5205.525,3754.711,7102.065,2430.256,1813.953,205.628,5.462,40.975,2951.702,3.251,9.524,8.946,79.314,2.239,40.921,0.894,0.194,54.516,8.198
C4_67B Dust t3,4.242,199726.040,5702.070,3248.523,6866.067,2510.686,1988.653,105.719,4.651,41.089,2992.365,3.667,8.226,9.244,76.658,2.576,45.285,0.883,0.203,54.189,8.500
C4_67B Dust t4,5.286,189880.502,5388.718,2978.087,5890.547,2320.017,1984.445,126.536,4.650,39.086,2845.378,3.640,7.379,9.014,47.550,1.980,46.085,0.989,0.166,53.034,8.639
C4_67BDust t7,6.056,204635.524,6412.530,3179.445,6168.082,2419.737,2209.346,90.168,7.155,46.369,3286.663,4.576,15.976,10.616,68.701,2.688,51.755,1.338,0.186,58.977,8.632
C4_67B Dust t9,5.333,184977.016,6067.862,3282.900,6640.950,2403.255,2188.798,123.644,5.040,48.138,2873.811,4.246,12.198,9.221,47.053,2.203,48.076,1.091,0.184,55.882,9.062
C4_67B Dust t15,5.601,190433.305,6804.161,3393.674,6972.460,2387.167,2463.538,114.156,4.413,51.906,3234.233,4.184,7.528,9.403,42.379,3.119,51.973,1.224,0.144,60.127,9.654
C4_67B Dust t18,6.265,186334.423,6484.081,3356.019,6894.448,2433.552,2350.627,151.873,4.071,53.505,3414.605,3.692,6.639,9.226,47.127,2.910,50.845,0.979,0.102,63.536,7.577
C4_67B Dust t23,4.811,188245.728,7067.918,4111.329,8132.406,2735.240,2608.436,127.528,5.155,56.225,3646.005,3.834,6.785,11.707,47.049,3.573,54.735,0.955,0.099,72.167,8.212
C4_67B Dust t42,6.412,189594.164,7302.955,3715.852,7410.526,2677.486,2688.246,98.778,4.405,57.414,3646.297,3.938,6.795,10.165,42.250,3.820,56.962,1.033,0.119,99.170,8.390
,,,,,,,,,,,,,,,,,,,,,
Blank,0.264,41.062,5.104,5.761,143.331,31.197,19.263,0.275,0.087,0.058,2.764,0.021,0.211,0.162,1.191,0.002,0.087,0.046,0.005,0.320,0.230
SH64D Dust t0,1.518,189174.464,38.242,32.082,935.615,202.574,139.631,2.237,0.586,0.841,12.649,0.146,1.847,1.430,22.445,0.000,0.785,0.713,0.044,6.034,0.966
SH64D Dust t0.5,5.064,175654.134,3077.683,3195.639,6422.896,1943.132,993.453,156.798,3.598,80.845,2268.291,3.411,7.824,7.659,73.589,1.083,16.000,0.747,0.139,84.338,4.649
SH64D Dust t1,5.196,180969.424,4130.346,3011.435,6428.461,2001.420,1340.665,85.526,3.234,100.352,2524.161,3.889,10.400,10.267,103.373,1.376,20.134,0.857,0.161,105.335,5.138
SH64D Dust t2,5.222,188936.230,4220.114,3663.723,8320.118,2182.152,1367.088,232.865,3.985,97.457,2884.415,3.987,9.749,8.030,148.496,1.249,23.655,1.036,0.171,93.959,4.966
SH64D Dust t3,5.005,179268.609,4955.618,2971.440,6411.825,2053.480,1723.631,76.229,3.905,108.419,2480.716,4.418,10.249,8.242,57.619,1.486,24.459,1.228,0.236,102.457,6.385
SH64D Dust t4,3.696,183322.445,4538.795,2905.246,6536.419,1957.997,1630.072,88.582,3.982,104.657,2371.378,4.025,10.070,8.139,104.258,1.327,26.969,1.337,0.259,106.514,6.499
SH64D Dust t7,4.520,181769.284,5047.707,2775.260,7036.776,2039.456,1808.799,82.149,3.586,113.386,2606.199,4.095,9.644,7.715,68.423,1.585,31.532,1.140,0.140,125.366,5.419
SH64D Dust t9,4.667,171947.890,4885.935,2664.477,5238.585,1948.413,1889.903,83.265,3.036,102.413,2338.098,3.923,9.737,7.475,58.934,1.579,30.726,1.207,0.173,124.590,5.419
SH64D Dust t15,4.616,176458.131,5773.225,2855.175,6236.013,2057.663,2269.670,82.475,3.250,111.190,2525.161,4.298,9.868,7.558,38.657,1.394,36.961,1.296,0.137,157.726,5.732
SH64D Dust t18,4.116,186046.172,6181.727,2955.549,5671.161,2128.718,2360.782,104.862,25.115,120.978,2861.466,5.013,30.441,8.797,41.372,1.499,41.617,3.123,0.186,170.070,5.867
SH64D Dust t23,6.222,183785.255,6663.489,2897.358,6134.315,2313.166,2600.592,100.342,16.061,129.074,2794.273,4.612,14.476,8.396,38.573,1.239,44.835,1.593,0.212,186.298,5.983
SH64D Dust t42,4.057,178628.247,7682.842,2205.951,5136.771,1924.247,3058.723,71.225,14.134,147.041,2731.588,4.734,13.169,8.522,35.777,1.329,50.050,1.585,0.197,209.043,6.305
,,,,,,,,,,,,,,,,,,,,,
Blank,0.458,50.099,4.453,3.832,164.299,32.765,16.512,0.259,0.085,0.097,2.128,0.018,0.216,0.152,1.294,0.005,0.067,0.053,0.007,0.287,0.234
C4_67D Dust t0,1.885,188524.568,21.015,14.329,1226.502,17607.581,85.464,1.236,0.412,0.577,7.621,0.106,1.246,0.808,12.939,0.046,0.972,7.404,0.032,24.139,1.101
C4_67D Dust t0.5,2.278,180270.781,1722.355,207.045,1557.529,14851.324,749.470,10.516,1.057,9.272,275.934,0.583,2.622,1.857,30.356,0.770,21.711,7.844,0.096,15.727,2.454
C4_67D Dust t1,2.385,178710.996,2036.475,140.047,1795.429,15404.963,958.377,22.610,0.919,5.531,110.978,0.360,2.039,1.429,59.446,0.729,28.906,7.967,0.109,16.503,2.165
C4_67D Dust t2,2.538,181912.644,2441.306,145.901,1399.403,15311.320,1084.180,13.459,0.655,5.096,158.557,0.353,1.894,1.419,92.004,0.563,33.688,7.871,0.066,16.696,1.133
C4_67D Dust t3,2.991,178605.199,2887.280,224.841,1391.857,15424.340,1269.148,16.735,0.594,6.512,257.927,0.489,1.578,2.760,25.632,0.661,35.961,7.628,0.031,16.889,1.280
C4_67D Dust t4,2.128,179941.060,2975.914,213.189,1502.117,15394.613,1386.741,19.353,0.718,5.810,212.879,0.411,1.801,1.560,26.405,0.873,37.551,7.898,0.026,17.382,1.313
C4_67D Dust t7,3.216,177681.215,4329.979,345.657,1807.766,15432.733,1843.368,25.373,0.847,18.538,726.443,1.166,2.675,3.256,52.204,1.143,43.443,8.043,0.048,22.086,2.036
C4_67D Dust t9,2.947,180241.774,4297.822,411.288,1779.477,15296.758,1863.967,26.767,6.063,18.498,746.631,1.337,6.037,3.017,31.569,1.240,44.145,7.896,0.045,23.525,2.043
C4_67D Dust t15,3.312,181655.575,5143.183,443.257,1939.361,15606.396,2213.924,31.969,1.988,21.792,915.360,1.424,4.029,2.769,17.446,1.301,50.808,8.186,0.050,28.112,2.360
C4_67D Dust t18,2.991,186954.881,5443.567,451.292,2398.820,16065.474,2280.170,63.822,1.355,22.564,967.109,1.552,4.196,3.834,17.614,1.176,52.685,8.334,0.045,30.864,2.507
C4_67D Dust t23,4.013,181186.006,5777.270,574.582,2246.735,15571.969,2498.773,33.450,1.494,28.800,1145.186,1.756,3.488,3.974,27.195,1.341,54.506,8.190,0.052,34.974,2.904
C4_67D Dust t42,4.459,175570.168,6395.083,473.991,2430.102,15611.351,2782.607,39.890,1.714,31.558,1212.088,1.989,4.343,4.647,16.093,1.137,60.712,8.599,0.096,47.218,3.970
,,,,,,,,,,,,,,,,,,,,,
Blank,0.462,51.559,5.170,6.656,177.396,33.964,19.870,0.389,0.204,0.095,2.825,0.030,0.283,0.147,0.868,0.005,0.088,0.121,0.012,0.521,0.518
SH64A Dust t0,2.160,198227.693,15.033,26.243,990.651,235.488,55.527,0.788,1.262,1.447,13.400,0.177,4.730,1.039,89.082,0.000,0.567,0.522,0.783,18.835,4.058
SH64A Dust t0.5,5.871,190882.876,5547.569,2834.278,5791.347,1919.507,1714.716,105.384,3.468,135.121,2803.115,4.255,10.071,6.466,138.278,1.469,25.542,0.598,0.585,103.160,8.189
SH64A Dust t1,4.094,193221.780,8315.712,2809.469,5531.176,2053.524,2911.478,107.321,3.303,197.432,2336.419,4.520,12.262,6.188,100.592,1.390,42.359,0.609,0.462,154.627,7.734
SH64A Dust t2,5.057,188150.834,10105.556,2727.399,5489.359,2052.710,3596.323,101.129,88.495,240.714,2943.011,5.781,75.682,8.291,114.317,1.022,50.795,1.289,0.481,165.770,7.298
SH64A Dust t3,6.159,188893.483,11861.561,2660.810,5371.744,2056.570,4314.946,106.758,7.068,272.003,2672.676,4.564,17.637,6.764,116.015,1.250,58.861,0.660,0.415,191.679,7.721
SH64A Dust t4,4.804,181337.864,12312.893,2268.912,4397.723,1918.392,4623.147,88.944,5.457,288.243,2503.884,4.095,13.367,6.168,78.225,1.019,65.934,0.795,0.405,199.723,7.575
SH64A Dust t7,5.070,189857.568,16319.756,2874.350,5643.516,2293.116,6271.851,116.831,5.754,362.253,2578.875,3.513,13.186,6.097,74.793,0.961,83.458,0.569,0.472,260.936,6.795
SH64A Dust t9,4.856,191696.110,17316.979,2528.266,5308.227,2048.810,6472.025,138.646,5.829,394.857,2574.234,3.216,12.111,6.229,35.006,0.995,87.322,0.512,0.384,274.229,6.639
SH64A Dust t15,5.498,189446.924,20177.010,2360.262,5230.619,2095.618,7647.481,175.476,6.026,418.351,2569.052,3.176,12.309,6.545,59.390,0.882,103.702,0.891,0.361,310.586,7.849
SH64A Dust t18,4.760,188211.211,19992.054,2155.478,4946.341,1937.568,7655.059,127.212,5.537,426.449,2303.322,2.836,11.658,6.012,37.317,0.670,101.632,0.718,0.399,326.286,7.699
SH64A Dust t23,5.944,193748.552,21195.516,2595.134,5460.649,2356.990,8072.043,234.351,5.402,440.389,2686.493,2.822,10.856,6.940,41.557,1.099,113.772,0.529,0.416,357.493,6.563
SH64A Dust t42,6.904,192819.568,21936.064,2317.480,5259.887,2288.041,8945.069,132.903,4.896,444.864,2760.188,2.707,9.739,6.956,31.951,0.932,120.140,0.636,0.380,378.890,6.905
,,,,,,,,,,,,,,,,,,,,,
Blank,0.581,41.468,6.443,4.792,213.174,32.319,22.066,0.370,0.090,0.086,2.327,0.016,0.208,0.642,1.307,0.007,0.107,0.053,0.007,1.324,0.234
C4_67A Dust t0,2.555,199092.140,35.608,23.448,1218.329,215.242,134.325,1.943,0.423,0.825,15.653,0.262,1.553,1.090,71.022,0.036,0.844,0.439,0.905,21.875,3.838
C4_67A Dust t0.5,5.425,187697.700,6750.786,3501.120,6941.490,2395.562,2426.952,139.367,4.162,106.366,2876.170,5.652,11.064,7.598,91.800,1.631,55.990,0.590,0.419,52.502,8.088
C4_67A Dust t1,5.619,191231.581,10115.775,2874.960,5473.023,2457.111,3907.642,109.152,3.454,194.008,3038.454,7.816,14.867,9.933,118.506,1.867,74.177,0.541,0.349,86.987,8.272
C4_67A Dust t2,6.509,188470.379,12279.488,2594.810,4594.806,2283.023,4696.779,108.633,4.148,245.920,3259.008,7.881,18.038,9.746,71.018,2.112,86.152,0.616,0.271,61.163,7.997
C4_67A Dust t3,5.661,180773.347,13571.032,2333.059,4122.986,2167.181,5433.534,95.254,3.381,265.330,3180.702,7.055,15.179,32.576,114.803,1.890,91.773,0.754,0.305,62.815,9.252
C4_67A Dust t4,5.637,190258.511,14394.362,2485.441,5361.354,2285.302,6292.126,106.900,3.380,303.146,3055.878,6.339,14.043,8.033,91.558,1.852,104.611,0.791,0.317,61.388,8.240
C4_67A Dust t7,6.815,186790.812,17270.741,2400.630,5057.365,2391.516,7375.338,160.487,3.661,341.017,3297.087,5.183,12.157,8.285,48.566,1.799,115.052,0.807,0.342,71.161,8.685
C4_67ADust t9,5.253,192985.994,17827.656,2479.472,5059.917,2314.139,7781.833,161.207,3.676,339.041,3066.223,4.621,9.938,7.450,41.617,1.709,114.959,0.774,0.265,67.993,8.817
C4_67A Dust t15,5.521,191673.614,20093.567,2570.473,5520.833,2532.036,8842.576,135.904,3.766,361.490,3207.709,4.069,8.393,11.023,42.768,1.774,135.348,0.758,0.295,79.004,8.183
C4_67A Dust t18,5.406,192566.920,21522.999,2596.564,5528.019,2445.056,9201.669,140.614,4.184,373.237,3355.642,4.437,11.004,86.563,86.724,1.866,138.567,0.763,0.270,81.678,9.748
C4_67A Dust t23,6.313,191820.133,20835.339,2460.861,4964.513,2434.445,9240.152,188.551,3.344,365.200,3051.485,3.831,8.695,7.665,35.360,1.462,142.125,0.814,0.272,78.615,7.711
C4_67A Dust t42,6.212,184667.335,22586.616,2750.606,6253.641,2669.368,9881.586,204.932,4.095,351.699,3347.146,4.033,7.502,9.415,27.016,1.418,151.429,0.819,0.278,90.877,8.370
