,7Li (KED_IS),23Na (KED_IS),24Mg (KED_IS),27Al (KED_IS),29Si (KED_IS),39K (KED_IS),44Ca (KED_IS),48Ti (KED_IS),52Cr (KED_IS),55Mn (KED_IS),56Fe (KED_IS),59Co (KED_IS),60Ni (KED_IS),63Cu (KED_IS),66Zn (KED_IS),88Sr (KED_IS),95Mo (KED_IS),111Cd (KED_IS),137Ba (KED_IS),208Pb (KED_IS)
,,,,,,,,,,,,,,,,,,,,
Blank,0.970,17.653,4.471,3.770,102.405,77.081,5.443,0.081,0.162,0.146,2.945,0.071,0.329,0.329,1.344,0.033,0.037,0.003,1.005,0.021
Blank,0.538,13.728,3.703,3.869,59.983,69.382,3.331,0.084,0.122,0.164,3.080,0.068,0.475,0.347,1.105,0.054,0.156,0.000,1.138,0.025
67C_Disk_t0_Tot,4.722106378,190443.5082,44.96933296,355.248569,662.6263825,623.7263195,287.5098579,4.064753399,0.619842902,2.194680852,12.17436421,0.261655262,5.085814006,0.681651084,107.4934381,1.721957542,0.693992472,0.044490878,92.63796327,0.637358357
67C_Disk_t0.5_Tot,2.83584726,184659.0778,409.7375978,572.4666118,657.3237385,1024.47669,477.3348144,4.289381769,2.376927445,9.41739931,62.67230909,0.673119833,26.05232726,4.018904212,209.6848608,7.469184866,10.48809276,0.031437089,38.90813331,0.369883038
67C_Disk_t1_Tot,2.992709307,177625.1289,619.2612645,96.67885459,655.7355292,974.1806814,368.0449725,3.958400624,1.368276392,3.018834383,27.84011389,0.15221385,2.416943603,3.664695309,74.91776387,12.27515427,0.717773739,0.070784978,9.813570424,0.431901689
67C_Disk_t2_Tot,5.891790499,176201.5792,905.4694423,2233.319609,811.1372103,1994.366673,608.4026828,9.78850115,1.938882908,11.64286865,280.8495508,6.485525026,5.719959679,6.100337164,133.207263,14.62569421,5.695986989,0.426346581,130.9213196,1.035785686
67C_Disk_t3_Tot,3.908542881,180250.6963,902.812023,1043.008398,742.8926768,1261.574456,485.1237374,5.279503355,1.008455898,4.203704397,65.74981769,0.187585667,2.995286536,2.510562564,61.24023229,14.54461862,1.464389622,0.049217885,43.18216805,0.396240106
67C_Disk_t4_Tot,4.532321017,175421.2107,951.6635063,1052.65795,944.2119434,1080.453983,654.9874327,6.367324459,2.358851377,12.66539554,126.5955833,0.962536651,36.8806819,3.25152132,81.2416624,16.36103379,16.48818027,0,39.55685059,0.254943532
67C_Disk_t7_Tot,2.465954035,184709.6568,1097.652203,699.5854527,880.4416252,1129.354166,559.0986846,6.058569055,0.793816157,4.726945751,88.60166668,0.735375832,1.720896913,1.167087312,87.25965397,16.58040334,1.150610913,0.048138423,11.68996395,0.577071414
67C_Disk_t9_Tot,2.909963071,164735.7222,1182.11031,475.3248178,928.099959,1286.432906,575.8330418,5.923418482,3.104326102,5.332815787,60.9945698,0.494905656,2.285050059,1.326551354,75.54260496,19.46725884,1.749037776,0.034714312,13.42425367,0.374259433
67C_Disk_t15_Tot,3.063077677,172629.8752,1636.745996,143.8077681,1006.040283,1250.965548,815.5219612,11.2526486,14.54300178,99.48913269,322.8237689,2.543459996,12.09016909,1.795296543,131.9823178,23.06014284,2.622661082,0.101684462,16.87453908,0.975086645
67C_Disk_t18_Tot,3.38130206,181168.8604,1683.246082,242.3919452,1092.48287,1369.389411,1064.713036,16.46711396,35.26198953,14.7086945,603.9222346,4.933565026,49.44348054,17.01378872,255.551647,25.63317456,2.675912873,0.046872963,36.18529028,0.781457542
67C_Disk_t23_Tot,2.973830855,190370.8805,1868.259764,571.3101967,1339.085463,1340.184622,1123.727,20.70226444,7.832670335,8.552336803,231.0120435,1.697001468,8.717499446,3.046555809,174.8798681,26.89331517,1.817791542,0.098926123,24.9621541,1.446185212
,,,,,,,,,,,,,,,,,,,,
BLANK,0.744,21.581,5.054,3.311,94.720,81.100,15.119,0.147,0.107,0.192,1.288,0.012,0.222,0.085,1.338,0.094,0.036,0.005,1.199,0.011
63C_Disk_t0_Tot,2.799412215,170148.1556,36.3129477,1262.707824,750.5416903,633.1132871,53.61142768,0.949491371,0.937358715,2.532544139,13.5426812,0.607083219,3.278824668,0.861124098,121.5495683,1.196393431,0.451902836,0.032883804,71.13449644,0.272519521
63C_Disk_t0.5_Tot,1.633859651,180985.1636,336.6312378,570.2233206,783.3627909,899.7463952,259.5780236,3.116689441,1.284814357,3.09135312,17.61735366,0.632800634,3.028077114,1.926990897,179.3416019,5.595396099,0.508393384,0.015805847,41.74295698,0.332355646
63C_Disk_t1_Tot,2.458455895,172130.3865,570.6257505,14022.31787,721.6086582,1097.358021,368.7489247,5.070748311,1.70953914,4.621977142,41.44230229,0.20836221,3.270443771,2.164310505,64.71917202,11.15156752,0.679399118,0.035573081,32.75635287,0.262718626
63C_Disk_t2_Tot,3.047232806,153648.6441,1111.674697,2371.141687,907.2590006,1322.564007,448.7060015,28.25047183,1.75143719,11.18199209,345.4767081,0.491831348,2.370792473,2.580771946,67.83001158,14.15160404,12.58520394,0.015828985,31.70293548,0.299346568
63C_Disk_t3_Tot,4.519707202,179344.1992,810.1966535,235.8974559,945.248435,1097.392633,470.8799703,6.61069762,0.854887052,4.927533075,56.31886318,0.429220176,2.260306723,2.206859167,72.3587801,13.57729678,2.672931219,0,24.75378619,0.300937799
63C_Disk_t4_Tot,2.743204527,177480.2077,951.7040764,822.1638107,1405.393063,1164.362265,468.9209779,5.351153444,4.371119851,7.391374475,57.55672542,0.578276047,4.751310359,1.30641262,71.05097581,14.9285582,1.021071789,0,49.86657594,0.323197628
63C_Disk_t7_Tot,3.22221647,194848.5225,1278.794585,458.9694135,1002.311162,1105.973873,593.1403491,6.232927021,1.066875534,7.027627961,111.2101127,0.487075034,5.932519995,3.497389648,77.60836906,17.59539682,1.422996529,0.016917765,17.20555751,0.687468758
63C_Disk_t9_Tot,2.774338127,163066.5432,1227.446712,114.4787923,818.7307424,1004.073079,624.4645511,6.681228113,3.518218369,7.612124614,69.04694564,0.400977587,4.076068702,1.165986764,77.06916763,18.68782861,1.542064231,0.049025875,13.05479063,0.45205707
63C_Disk_t15_Tot,1.972583835,167006.2333,2058.034661,183.4995026,1070.545286,1441.630722,895.6045097,9.17431844,37.58533013,16.96281112,711.20809,3.291314329,22.90106338,2.821207817,107.4800339,20.59314774,3.430325836,0.016678039,16.58578772,0.881012171
63C_Disk_t18_Tot,2.591162626,169857.498,1495.163116,1103.152681,1173.062234,1141.954463,800.7999975,9.731400796,359.0062686,41.38755744,1969.33576,7.141143311,282.5186111,11.53043287,134.1929498,24.09960886,8.808259127,0.052240006,36.16957383,0.795847167
63C_Disk_t23_Tot,2.332310285,186863.6625,1746.747742,271.9680389,1239.525132,1474.50983,1075.444206,13.90440524,3.827328961,8.993319598,125.4843109,1.354446937,3.934253971,2.797636001,129.6552724,27.31132913,2.492079726,0.034639338,28.18551271,0.867797902
,,,,,,,,,,,,,,,,,,,,
BLANK,0.149,24.202,4.893,9.131,116.947,78.575,15.259,0.103,0.127,0.158,1.598,0.014,0.273,0.080,1.160,0.053,0.022,0.000,1.282,0.012
67B_Disk_t0_Tot,1.323196715,146986.1478,33.2289041,1473.040416,516.1033032,773.7703336,64.72568348,0.892755743,0.973921034,2.170120782,21.80926737,0.212876909,2.662744183,0.869521966,365.1176185,1.530604792,0.250557148,0.034617707,116.0525598,0.352106119
67B_Disk_t0.5_Tot,3.158513924,182921.2492,399.3020902,704.9679666,1232.98501,1066.718967,277.602374,3.370825366,5.331748401,5.731451818,33.53724001,0.419500737,8.563713961,4.232543833,210.5239807,8.079011817,0.222551371,0.016546509,40.08460904,0.330445362
67B_Disk_t1_Tot,2.511096068,160872.4644,728.671786,1158.307452,765.7772278,1133.587797,464.7737629,5.381734542,1.668853938,5.197670251,48.57547514,0.275110338,8.148062553,2.647592107,179.6652421,12.41199124,0.513487208,0.034328102,30.50778986,0.45750541
67B_Disk_t2_Tot,2.134818577,158309.9323,1006.14412,597.3836122,783.1691109,1215.600167,666.7543249,6.285164853,0.884441988,4.893315931,41.66506882,0.316103915,1.998924648,1.883853404,68.44325765,15.73025133,0.568185557,0,40.45160716,0.239642591
67B_Disk_t3_Tot,2.951905356,173139.4327,1121.303112,288.0000163,808.7767482,1348.748735,591.524184,6.097161091,0.535044221,4.889946788,43.39380627,0.226415341,1.934606256,2.500945861,60.08990694,17.2487043,0.471010819,0,40.35386689,0.28834916
67B_Disk_t4_Tot,3.895609521,173382.9974,1209.909162,1118.178342,1256.614563,1297.679242,580.6833353,5.924416593,110.5279336,36.25523467,319.0239704,4.20133711,187.6536352,5.022041006,76.29258249,19.88214608,2.281753549,0,44.550668,0.42045611
67B_Disk_t7_Tot,3.178123929,164148.6619,1466.854453,121.5080571,1201.010437,1315.068014,779.3463902,7.289893181,3.152739837,11.28737072,94.21486873,0.95053513,16.68296835,1.586024987,62.76152541,23.28863399,1.174618879,0.053814758,18.2162177,0.409085861
67B_Disk_t9_Tot,2.247302392,181332.4431,2019.512483,62.50866858,790.4422741,1511.628494,796.0018983,8.143214321,7.214894165,6.690717979,81.41874576,0.377981654,3.337235879,0.673338591,66.93623395,24.72259607,1.047890682,0.052869173,15.41602409,0.592627125
67B_Disk_t15_Tot,4.25190933,155189.6738,2362.600515,76.39011938,968.0285432,1328.726398,1150.116197,10.35581849,3.106427408,8.841610876,183.4152105,1.257082889,5.324569523,0.976267755,88.921882,31.25972244,3.141835522,0.034848945,18.01422963,0.295083297
67B_Disk_t18_Tot,1.010228045,153823.2641,2372.517262,1079.055348,1196.522101,1333.830731,1363.362161,13.86128897,180.2876307,27.51251542,926.7813198,4.657008534,114.3904142,2.568580142,211.2016984,33.22982136,3.192032142,0.034735452,41.17742776,0.477372647
67B_Disk_t23_Tot,2.137812627,165556.8479,2968.185434,228.6703392,1031.773376,1423.896379,1499.774884,13.54416939,3.087850007,12.07638689,131.1888301,1.045861855,4.338876383,0.994299786,152.4672061,39.14011525,1.66544076,0.018792591,41.77095306,0.447972917
,,,,,,,,,,,,,,,,,,,,
BLANK,0.279,31.256,5.855,5.644,135.575,91.533,22.707,0.308,0.121,0.133,1.395,0.021,0.288,0.076,1.068,0.100,0.020,0.006,1.224,0.015
63B_Disk_t0_Tot,2.752018622,214775.4799,41.54949561,417.0351651,865.0402659,755.4478478,186.9655731,2.38337985,1.817382061,1.984502953,33.42391114,0.200208387,3.569733346,0.952765792,1014.593401,2.343718283,0.307387565,0,85.15103084,0.372262808
63B_Disk_t0.5_Tot,6.212800509,203446.3832,421.1695906,82.12021989,750.3373893,850.8103665,256.8733835,2.413655824,1.049986148,5.700526665,33.20526253,0.821883992,13.68735042,2.08079456,239.8728327,7.308387867,0.398484435,0.018368536,54.6784813,0.41631852
63B_Disk_t1_Tot,1.343544407,242185.9713,1066.360768,3770.838245,713.9959311,1120.944734,672.5089634,7.029918336,4.507891992,10.88171792,52.79224512,0.564956929,17.26323417,4.818733793,125.693426,13.68217873,0.503627777,0.017257764,40.09278308,0.337541949
63B_Disk_t2_Tot,2.336883455,211631.0921,1329.292303,100.848163,701.9954976,1321.094412,797.1067784,8.454787808,1.74349848,9.354309714,61.31964792,0.52325813,3.124603044,7.592850216,104.8573287,18.3849181,0.63326696,0.094494778,34.00558841,0.329613785
63B_Disk_t3_Tot,2.772611487,209536.7979,1447.546594,533.5535312,718.626531,1173.459525,810.2818052,7.200839598,2.578059507,10.20073817,46.44670743,0.447199413,4.086828734,2.471925603,91.25487817,19.31734844,0.664517961,0.087746392,38.34096484,0.311624622
63B_Disk_t4_Tot,5.801053801,202163.5866,1746.254897,264.8483931,753.9311484,1141.016641,865.9426322,9.026789159,0.972224717,12.17921267,61.84393819,0.635844262,2.899520888,1.255523573,98.16217013,24.20308583,0.828819197,0.01910278,29.29728009,0.322521213
63B_Disk_t7_Tot,3.31459971,187933.4214,2120.664436,370.4987128,705.4299165,1123.369482,986.3533662,10.14860777,5.074708494,27.61499102,132.6158097,1.988838087,62.33571793,4.617666342,78.37662412,26.67252961,0.691289993,0.075087062,15.52771773,0.64817079
63B_Disk_t9_Tot,3.715134254,206878.7324,2463.577566,164.118633,826.7504428,1216.95507,1220.606355,11.76914494,0.592109915,11.90580087,66.9153862,1.00799376,2.765274133,1.204937113,118.1730915,31.09556975,1.385662284,0.033957114,15.50453199,0.480873917
63B_Disk_t15_Tot,1.960972631,206949.8243,2730.911288,175.1399441,1138.544989,1182.663732,1271.521895,18.13948271,5.083703598,12.02790126,161.8955121,1.434807571,5.65823921,1.71389074,391.3898933,34.53936066,2.765368785,0.017818314,18.50385585,0.439651897
63B_Disk_t18_Tot,4.202496985,214831.9866,3029.173064,174.9668054,1050.618759,1271.971385,1291.840278,13.32770128,18.36876993,15.96435204,295.9933908,2.701817401,17.99291376,2.732346987,97.76978473,36.60134127,3.284473934,0.035542245,27.59992559,0.828515069
63B_Disk_t23_Tot,2.078479706,214505.1392,2974.956529,259.0829359,833.5713472,1380.948325,1625.956584,17.00840467,3.191477313,14.70211943,167.4090549,2.010054733,5.216546938,2.093016572,127.8018719,39.39690646,2.599366749,0,23.89239456,0.732788637
,,,,,,,,,,,,,,,,,,,,
BLANK,0.601,27.231,6.700,3.900,102.739,85.623,37.043,0.366,0.101,0.139,1.541,0.022,0.209,0.070,1.272,0.150,0.024,0.000,1.371,0.014
67D_Disk_t0_Tot,1.597846494,175981.0577,37.06759096,855.5405498,755.0671435,618.176217,122.4318276,1.755547155,1.043980356,1.606238269,23.06265451,0.114822665,2.6074796,2.17299916,915.2347642,1.207147602,0.18036307,0.017631981,71.04392453,0.431272513
67D_Disk_t0.5_Tot,4.134874279,188625.7774,426.7804778,398.8972876,694.8095795,832.4331529,296.9692829,2.838231644,0.869852776,8.126000112,17.90093041,0.158213286,6.278274496,5.488918014,175.5956814,8.1854473,0.651367535,0.036827351,33.64368928,0.249543127
,,,,,,,,,,,,,,,,,,,,
Rinse,1.094,12.999,7.275,3.672,100.487,70.649,3.607,1.304,0.644,0.574,2.796,0.337,0.525,0.443,1.929,0.408,2.920,0.303,1.354,0.270
67D_Disk_t1_Tot,3.43844022,175699.6188,609.7502046,279.1741081,666.6818727,917.0929469,377.2045613,8.673837658,3.700823869,8.712568312,65.02013472,0.604486923,17.68682837,3.7057112,94.11242977,12.48259862,6.594214458,0.050429041,48.20301716,0.503881013
67D_Disk_t2_Tot,1.518695062,186947.203,4527.490965,674.9480848,632.7974065,1051.52115,485.1025721,5.611470032,1.034428376,4.218329102,36.25668057,0.540163148,2.185914327,3.42890476,1065.105079,15.90704676,3.782686491,0.071597373,43.74396608,0.301747964
67D_Disk_t3_Tot,0.99942391,188531.0322,981.2753446,722.6289214,567.2222029,1098.059932,593.7124426,6.775665145,1.143631779,4.074990309,53.6883148,0.390591332,3.059984822,2.410874636,312.1646663,16.49113549,2.703215467,0,70.35271018,0.426579324
67D_Disk_t4_Tot,1.491737068,198743.5658,1168.929443,9826.83861,1020.360296,1158.372555,654.2294117,8.098753809,2.15537297,5.527364728,81.09507123,0.633312351,7.16396135,2.901554466,60.60439842,18.8606189,2.183460211,0.035411186,37.69864044,0.37274473
67D_Disk_t7_Tot,3.210176744,164244.9506,1307.422303,518.2664404,732.1776246,1016.200003,703.2123029,8.085079605,1.383806543,4.482251747,83.53624537,0.819299936,2.168964053,1.234421297,227.7396182,22.34921447,2.059177283,0.067998193,13.81621301,0.594678569
67D_Disk_t9_Tot,6.12096376,197747.0476,1663.352488,703.5812432,830.0290832,1181.99191,723.6256706,7.721697032,0.976406081,5.145054548,91.61511257,1.074632227,2.173483087,1.107419492,101.4706889,22.89914722,1.823174863,0.066835551,14.43311448,0.547761337
67D_Disk_t15_Tot,3.513689044,176018.3117,1812.490604,125.1579974,888.8202129,1112.924962,910.9619751,11.56905464,42.73572572,7.001446581,333.6596116,1.731728087,31.0227074,1.796138198,170.2333679,24.75979071,6.309687516,0.065775412,16.83917801,0.386391598
67D_Disk_t18_Tot,5.389425599,178025.6961,2054.507739,139.3579301,1109.392794,1225.763898,1280.530753,13.23529642,31.36888107,11.28767039,361.5656145,2.577523152,32.96591604,1.956652519,261.7979323,28.68518927,3.448121011,0.054091877,24.23836849,0.578687464
67D_Disk_t23_Tot,2.617400567,186464.4951,2479.487855,2177.567688,1147.385236,1255.524534,1227.338321,12.35125801,10.95422156,13.10799835,230.6572529,3.343732213,15.3716817,1.459683161,728.5149271,33.37303946,2.638096729,0.091833371,27.27620333,0.6742209
Rinse,27.078,33.335,33.216,34.791,106.492,97.073,30.084,0.278,30.402,27.321,44.942,27.166,24.348,25.102,26.492,22.741,0.076,23.960,23.838,21.801
,,,,,,,,,,,,,,,,,,,,
Rinse,3.354,19.070,8.936,5.069,81.529,86.958,4.033,0.236,1.120,0.913,4.358,0.800,1.032,0.850,2.108,0.671,0.063,0.748,1.949,0.647
,,,,,,,,,,,,,,,,,,,,
BLANK,2.906,22.473,6.907,6.150,91.991,90.406,44.223,0.477,0.261,0.310,2.597,0.155,0.341,0.244,1.570,0.230,0.063,0.111,1.480,0.162
63D_Disk_t0_Tot,12.12426899,192487.2059,34.73218063,340.0074077,641.4899615,642.8419567,157.386288,2.312316942,4.725025554,15.27820088,67.41427604,1.488646283,60.65698683,2.077840057,139.0989551,1.648952124,0.667313121,0.326630082,77.00936215,0.598612761
63D_Disk_t0.5_Tot,12.77227096,179953.2569,403.0159892,29.18343559,628.4439787,758.1164246,448.9902848,4.495172441,0.991753825,2.718666664,18.70455492,0.316688124,2.53844683,2.567911578,180.1783516,8.040433523,0.565209566,0.281951596,46.4205192,0.509686555
63D_Disk_t1_Tot,16.0608449,183512.3375,708.2496794,655.2201162,774.3173192,932.0118325,548.6295396,5.670049238,1.201239494,4.838037899,23.3438236,0.397563015,4.493502701,3.576881907,106.3871425,11.74870719,1.076618109,0.272285915,35.87589319,0.570072257
63D_Disk_t2_Tot,8.847666535,194505.331,918.2874721,50.93728167,847.9847228,1058.563639,513.2474832,4.946395428,1.006805161,6.054299611,26.49344853,0.510910263,6.629993897,3.261590634,51.69951826,13.70765505,1.130847933,0.188831989,25.49732252,0.272281727
63D_Disk_t3_Tot,11.03496021,213351.9751,1139.062301,106.3579642,851.1844558,1142.526658,675.7277493,6.478043955,0.690954944,4.948544043,36.83355099,0.444703344,4.668944975,6.782405037,52.36536176,15.81822449,0.933081939,0.114159942,26.35340881,0.30317236
63D_Disk_t4_Tot,15.22475893,189867.0588,1182.643481,406.7964064,730.3687391,1116.192898,628.6633066,6.614000117,6.642016918,9.004574678,125.3092562,0.961501201,9.948064195,4.20752572,56.87381423,18.25364533,1.101137313,0.113302233,47.14367369,0.442075413
63D_Disk_t7_Tot,8.177090178,197309.3282,1584.178152,332.8088116,698.1649973,1158.71581,825.4541048,8.124270269,0.828501515,6.134556487,63.27882057,1.227893261,3.730829654,2.623473304,65.78544471,20.88273877,1.427179504,0.152922128,11.63678038,0.65879142
63D_Disk_t9_Tot,8.831075514,199889.4625,1666.910272,290.2501854,694.3038229,1201.308922,791.1360232,8.27402933,4.091753335,11.93153621,76.12326243,1.476573409,5.917035428,1500.992139,77.98908844,21.71450371,1.835559627,0.099920202,12.91037885,0.474297672
63D_Disk_t15_Tot,11.52140651,182723.487,2487.20547,112.1968781,928.4809918,1179.410488,5915.51528,56.31461802,3.852231566,6.43944485,110.2041871,2.267853068,9.888297038,9.381530907,188.9833259,41.61946628,3.058979343,0.250999011,14.78352373,0.504839581
63D_Disk_t18_Tot,6.204299182,197312.319,2355.966331,70.83488158,982.2520167,1274.144431,1250.611389,13.30478189,46.91920799,13.89222277,327.6441008,3.890106426,31.82826164,2.76008487,143.5872306,30.73512927,3.547631474,0.115869836,18.78730737,0.541569657
63D_Disk_t23_Tot,8.683009901,205980.5793,2349.034725,255.6471357,1038.910079,1300.808858,1216.549121,12.66118052,3.576772893,7.018824619,108.6784148,3.242451334,5.544097337,3.75147136,449.6085802,31.46294442,3.095417826,0.178443859,20.38123729,0.66874778
Rinse,1.768,31.163,8.728,3.963,121.336,91.519,4.567,0.283,0.967,0.776,2.910,0.655,0.935,0.738,1.990,0.618,0.065,0.664,1.803,0.574
,,,,,,,,,,,,,,,,,,,,
BLANK,11.055,31.933,14.278,16.771,129.712,98.128,15.743,0.169,8.714,7.835,18.380,7.964,8.014,7.732,9.091,7.311,0.067,7.213,7.798,7.121
67A_Disk_t0_Tot,20.12957749,203618.2376,42.39383074,41.201136,895.7267882,824.5024778,202.210218,2.546425102,2.175521339,3.563608089,28.51071602,2.175008887,3.970165214,2.515398001,345.6203108,3.447886203,0.550596982,1.974521656,77.74682548,1.889661654
67A_Disk_t0.5_Tot,15.12373378,200684.5363,2081.269959,154.4072061,751.4172278,985.7836842,1240.732184,12.57589924,1.577840404,20.80685084,345.3825851,1.366872903,3.686115308,2.556465466,552.9400957,21.9122279,0.661913353,0.710523319,34.65415254,1.642932761
67A_Disk_t1_Tot,13.79479084,211289.6269,4101.198729,244.5759249,721.7588195,1201.626755,1947.5736,17.7373948,2.887725273,43.51200791,572.5031417,2.360359446,19.86549693,3.816461887,622.4985873,37.26547937,1.991047166,0.371267038,46.00447298,0.88815605
67A_Disk_t2_Tot,13.28497863,187362.5545,4908.746232,31.97105753,680.9310212,1201.636056,2352.575865,22.27733607,1.219434533,55.98251171,640.2677958,2.56970675,5.732373829,3.208205956,542.610379,43.9334681,0.53212435,0.208609434,40.3953717,0.544550444
67A_Disk_t3_Tot,8.283394385,193712.8838,6030.295096,50.0636107,850.4540551,1219.88335,2864.597286,26.83732288,1.39523,74.12650075,758.1535111,3.416715321,8.54938553,4.323942199,580.3650262,54.11038265,1.756727899,0.124598003,37.30866061,0.460673608
67A_Disk_t4_Tot,10.91267656,185689.9619,7475.854989,23471.46524,938.9032236,1286.414813,3271.040869,32.48100354,3.30773259,93.14898959,878.7055443,4.575949677,20.95949148,3.564523878,582.5827585,55.58731172,0.550906666,0.099162791,49.33395548,0.552859443
67A_Disk_t7_Tot,7.262260373,201688.3112,9179.985686,54.78188603,806.9362718,1288.245726,4214.736411,36.54009068,0.982133886,128.4421447,843.7960772,6.101854267,11.77479851,1.154334006,858.6846419,69.87926856,0.633688079,0.176355157,32.95825192,0.586085522
67A_Disk_t9_Tot,6.401898631,186828.0802,10219.30339,3548.552265,928.7129055,1371.546971,4393.346631,38.38804762,1.523733436,153.1555831,842.8886103,6.465910885,14.61096689,1.043032109,883.7191149,69.55862904,0.873188411,0.284719841,30.6598085,0.461117059
67A_Disk_t15_Tot,9.082062546,201430.8468,13512.68538,58.76025104,987.1010375,1473.208989,5816.040147,55.36879463,2.418117775,198.583397,814.0159004,8.413749315,13.30989316,0.989131108,1188.27182,83.86719853,2.299250434,0.100430564,33.15192942,0.390469434
67A_Disk_t18_Tot,7.036296275,186974.2744,14091.50794,68.08367014,1147.409698,1433.1164,6550.326224,56.76998919,26.08594735,237.8449038,1028.68091,10.01379534,44.11971936,1.031316651,1289.949193,83.49147837,1.985174809,0.1075035,34.60506114,0.389793543
67A_Disk_t23_Tot,6.192835492,204319.8082,17628.94733,68.18442933,1217.722429,1542.912928,8057.950597,68.73616965,6.689843558,293.9616256,888.6133105,10.45379527,22.06972985,2.901721681,1725.061552,101.3041294,1.071127449,0.110536564,49.53627349,0.424547881
,,,,,,,,,,,,,,,,,,,,
BLANK,1.728,49.233,8.875,6.686,97.118,100.536,52.207,0.482,0.107,0.227,2.295,0.059,0.376,6.691,6.960,0.187,0.195,0.012,1.265,0.398
63A_Disk_t0_Tot,8.001045517,191083.7816,41.27473804,63.17725048,866.0854635,932.0888679,267.2007928,2.866504017,0.458229972,2.014574423,13.94030657,0.235515885,2.410984693,2.852271787,362.4611787,2.149193775,1.394213493,0.07216087,73.09375679,0.183288774
63A_Disk_t0.5_Tot,6.365283001,192938.312,2756.352408,4078.944328,730.5653441,1126.671757,1399.097573,12.60326273,1.32366894,31.78277312,530.8006028,0.929050166,4.990218126,3.548756394,415.3508382,23.33426676,1.337531109,0.111040097,41.62071046,0.617023165
63A_Disk_t1_Tot,5.393757447,178739.3036,4604.936508,978.7872504,677.4310594,1152.193771,2016.488182,16.43449352,1.12672798,53.56132713,820.5504872,1.785237484,5.078208276,3.729111212,485.4548656,35.4401603,2.602385536,0.038425755,43.52387278,0.588835045
63A_Disk_t2_Tot,8.191919692,191009.4059,6334.976403,4661.118366,813.7944145,1300.615488,2582.013139,23.45042603,1.431207311,70.3660387,1017.642966,2.086993289,6.948522093,3.697706488,513.5500373,44.94841851,1.687436857,0.182075891,47.17059625,0.49486869
63A_Disk_t3_Tot,6.106159461,201264.9049,7267.990344,1666.297035,852.0203701,1307.153265,3350.832909,31.24770846,114.9148699,94.79764903,1625.656639,4.298565845,47.31003671,8.237583134,584.1460822,54.27866732,2.935567474,0.094065973,31.53402881,0.406607217
63A_Disk_t4_Tot,7.983515018,186231.0966,8129.478465,98.10556921,869.4240564,1339.436916,3593.008633,31.84716669,0.796753284,111.8114971,1259.809336,3.60343328,8.025554976,4.015146345,638.5573021,54.37958029,1.58331221,0.057650446,47.49932287,0.373385148
63A_Disk_t7_Tot,7.028614728,193334.3935,10665.87497,112.6707103,1009.014608,1325.183481,4711.545113,43.63970808,0.722820183,163.765808,1411.91223,5.717532617,10.75511765,1.793510738,864.6990757,70.37897966,1.387742615,0.038633763,29.08911141,0.540202174
63A_Disk_t9_Tot,7.203335834,186319.2054,11034.30814,183.670039,768.5404636,1399.821823,4893.914949,46.87841179,1.441376274,190.1470641,1458.126769,6.290457624,14.22370541,1.332344606,870.4465258,72.24199423,1.782843474,0.128924961,32.80024752,0.526593521
63A_Disk_t15_Tot,6.541410956,192712.7185,13531.6769,76.72861548,913.2956806,1485.593266,5568.449917,48.3780692,9.361071307,192.9216421,1348.492572,4.927811846,13.37910697,1.492955216,1061.510243,77.0579018,1.906634742,0.079572109,31.7352438,0.406156358
63A_Disk_t18_Tot,11.30523799,184742.6939,13946.73237,123.3977087,990.274385,1467.563713,6322.612262,60.21492543,87.52152916,253.1895352,1645.056712,6.216585779,90.10904258,2.334329906,1272.339752,86.00704814,3.769760889,0.019597052,48.13729333,0.504635513
63A_Disk_t23_Tot,11.57315282,200393.7818,18253.24717,241.9552695,1346.074171,1621.419853,7647.701656,72.73447363,1.885583896,282.2642434,1230.749615,5.580052839,12.87335118,1.375479863,1469.521068,93.17099916,2.125194445,0.115581889,50.83177419,0.399269361
,,,,,,,,,,,,,,,,,,,,
BLANK,0.748,49.202,6.743,6.988,110.055,113.633,32.118,0.318,0.140,0.191,2.388,0.048,0.396,3.894,4.647,0.172,0.151,0.010,1.507,0.210
67C_Dust_t0_Tot,5.676578376,201147.1117,47.44959473,834.7998646,721.4349817,707.7357337,339.4971333,3.928981917,0.477058367,1.457032391,12.48906233,0.105398952,1.890775003,0.810203937,96.43411544,1.895901875,0.201426473,0.060942787,85.10357843,0.240775946
67C_Dust_t0.5_Tot,7.376636662,199224.3614,5425.715425,4598.880719,6034.956392,2991.055241,2085.343645,182.7568006,7.5684629,61.55979035,4992.920514,3.469229421,14.09374831,16.46768327,71.41298937,26.47321619,0.511689898,0.115612848,110.4357706,6.963302958
67C_Dust_t1_Tot,7.901595079,192882.6128,6275.044575,4448.173191,6646.317214,3142.254864,2618.841657,144.059795,6.839840607,69.77876736,5864.778211,3.699124167,9.616949898,18.54330441,65.23475877,32.38494031,0.707362568,0.248895616,61.04869573,7.608118968
67C_Dust_t2_Tot,9.011819371,206945.6987,7300.782537,3477.238791,3285.801454,2677.741465,2767.767747,159.4096571,5.350201295,74.02408157,5846.328674,3.739804597,7.925647815,17.63494525,59.81887584,35.92790855,0.599402344,0.09541454,90.5182833,8.001211568
67C_Dust_t3_Tot,12.93228686,209842.3461,13145.68825,4457.301596,5428.604027,4763.34357,4968.897338,104.9211784,6.810342349,124.8771753,8731.18257,5.808790389,11.30936666,24.83764501,106.6184554,46.36592681,0.862254849,0.123358651,104.8173454,11.67815344
67C_Dust_t4_Tot,8.625600866,191146.366,7732.143955,5032.830049,3805.001587,2722.304588,2868.130256,127.5202211,6.613339858,77.98852292,6066.767892,4.090305531,14.01772598,17.06474773,60.77243384,42.60670885,0.564097721,0.19064167,102.4280259,9.046500673
67C_Dust_t7_Tot,12.95586545,176782.5404,8065.58498,3426.360366,3337.702062,2595.195019,3959.469642,74.78736125,130.8976574,161.3889825,9027.046494,6.350543691,65.48780859,40.3645225,97.99540727,44.99597883,7.516553801,0.122563759,83.17502613,11.48304204
67C_Dust_t9_Tot,15.98476,201525.4845,7043.087216,3705.431679,4764.024661,3029.479131,3240.596184,106.5982036,7.086054279,83.11444722,4914.036629,4.499695814,13.40734313,16.48972412,77.04466773,44.22393985,0.878112354,0.12086269,90.09885302,7.986516765
67C_Dust_t15_Tot,5.89976435,185990.7119,7944.608788,7574.436935,12372.97677,4530.244429,3076.174202,395.5114039,237.0609202,93.20587398,7458.122996,6.844269141,153.0786049,16.93915568,98.35268058,52.37404584,4.076456567,0.121833455,118.6520032,8.392223259
67C_Dust_t18_Tot,7.895716511,189261.2871,8738.430043,5080.335147,9497.58943,3568.903603,3544.337643,168.3572801,15.72228822,86.79623764,5794.324469,5.213912937,25.86471225,17.39169891,675.2077539,46.653965,2.353741093,0.13817559,111.3763603,9.199322798
67C_Dust_t23_Tot,7.135824905,186931.0333,7496.143302,3496.061762,6104.980466,3136.525921,3740.030426,119.1690608,8.596355324,85.83605561,4966.101659,5.672797496,8.755000153,17.36354791,84.24039773,49.35687607,1.430471871,0.184683843,121.4961628,9.16676753
,,,,,,,,,,,,,,,,,,,,
BLANK,0.895,48.334,10.760,11.391,123.637,112.583,52.924,0.627,0.123,0.160,3.261,0.026,0.279,0.128,1.487,0.196,0.050,0.003,1.132,0.019
63C_Dust_t0_Tot,8.459721008,191165.554,29.98652251,915.3838027,874.7467774,794.1274083,43.2117281,1.357750403,0.611894045,1.88208643,15.80303028,0.336883506,4.056878789,0.805020485,82.67890129,1.352824876,0.28060302,0.061610034,78.05835192,0.172036279
63C_Dust_t0.5_Tot,8.192497527,169484.247,10698.29949,4928.462798,4575.465429,3343.01472,4406.649119,103.1744576,7.751956453,125.865329,9672.246027,9.368018984,14.14450447,18.01938974,129.3436101,40.01311985,0.833226909,0.188266702,97.12472369,13.18777471
63C_Dust_t1_Tot,13.50501716,192370.3555,6269.449208,5252.594584,5504.629013,3227.100063,2420.101558,103.4625422,6.567074384,69.33609099,6645.088615,6.613660848,10.3895608,14.0076152,53.54519863,32.83781357,0.800335589,0.22296712,103.1999412,10.08272802
63C_Dust_t2_Tot,10.66115298,170969.1887,8631.731667,2990.501208,2706.441763,3060.609682,3376.279968,59.70683859,5.051794871,103.7667525,7952.149846,8.474624879,16.84831625,15.92760307,70.81968694,41.31135349,0.878493338,0.16817876,51.49805109,12.30210797
63C_Dust_t3_Tot,8.265024294,179190.5386,8266.655755,3988.626316,4831.597377,3112.246651,3340.844015,96.06580906,6.608665316,98.97104488,9280.881387,9.039292195,13.66233528,18.41960498,82.93284163,42.2443519,1.046760795,0.268242837,82.12780565,13.70310338
63C_Dust_t4_Tot,13.21606721,149683.3237,9517.793134,6839.676939,9010.118783,3626.699693,4779.932111,300.7506359,11.25778975,137.2770951,10487.10398,10.30133775,23.75574911,18.90975672,79.63648816,50.71035948,1.315773677,0.293321651,104.4206748,15.5969899
63C_Dust_t7_Tot,9.968769141,160682.3348,9897.83273,4052.027046,3883.012528,2845.427789,4481.997294,97.66578871,10.92385503,123.9884944,9846.405313,9.837266589,16.44837859,20.50493059,96.48087622,53.32706515,1.346179021,0.226207386,105.4471955,16.04851145
63C_Dust_t9_Tot,10.99647007,165254.7537,9489.645937,4970.570353,7088.359721,3553.68432,4089.721242,176.2709064,8.524339122,109.6163807,7194.786286,8.940665218,16.26667056,16.01805886,153.5933594,51.39525017,1.531859269,0.285037367,83.26696898,13.64238894
63C_Dust_t15_Tot,4.330651388,163214.5299,9957.008767,2524.447394,3507.43159,2657.132395,3945.613847,58.41732229,8.323935056,108.4962819,7240.814001,8.690842731,14.34148277,19.79756488,110.4993596,49.94991312,3.693390317,0.227529098,68.31989024,12.65815994
63C_Dust_t18_Tot,4.229113612,159773.8883,5919.458818,3462.712891,4946.048087,2900.289399,2973.960072,142.0716004,38.89322623,83.22285261,5466.642509,7.761197777,48.87534375,13.4937139,105.5146798,45.2298676,2.673407865,0.097343426,96.46675041,10.71700945
63C_Dust_t23_Tot,7.86144826,175949.8961,10607.36451,4533.788083,5143.955718,3661.46949,4932.897245,107.6481015,17.84183558,130.9462953,7006.505633,10.24443735,22.61289584,20.88591123,128.9261804,55.97758519,1.877097025,0.180334885,93.28112822,14.89105245
Rinse,1.549,41.343,8.784,4.978,94.697,97.989,3.733,0.264,0.892,0.634,5.023,0.573,0.827,0.706,1.891,0.630,0.053,0.560,1.574,0.623
,,,,,,,,,,,,,,,,,,,,
Rinse,1.305,30.194,8.000,5.843,108.054,98.438,5.420,0.232,1.053,0.680,3.278,0.607,0.897,0.682,2.004,0.632,0.036,0.541,1.778,0.573
,,,,,,,,,,,,,,,,,,,,
BLANK,0.844,33.796,10.015,12.080,126.085,108.919,79.457,0.716,0.171,0.198,2.143,0.050,0.290,0.129,1.751,0.234,0.074,0.004,1.280,0.023
67B_Dust_t0_Tot,5.723634155,199425.4055,45.13485177,565.7227536,767.5937427,750.1900789,327.0301428,3.193311277,0.736161004,1.481239238,15.10475188,0.156095915,2.079918079,1.081784151,130.3721168,1.865871584,0.178829295,0.043175822,102.0896966,0.244284612
67B_Dust_t0.5_Tot,10.03915385,211415.1424,6185.197997,3547.772597,4191.964669,4465.515013,2454.451406,100.7490073,5.904836953,66.33455161,5019.847256,4.444853651,10.94965365,26.60295482,173.2310715,26.67723863,0.361259425,0.062237836,94.91367181,6.669414789
67B_Dust_t1_Tot,6.554530536,208843.3804,5446.706738,7548.004234,4785.425254,2697.878162,2551.557199,90.72486001,6.843727456,58.7807958,5359.172548,3.220691369,6.138655544,33.10797535,91.85004775,35.51139265,0.631323727,0.165349658,103.8817517,7.567448875
67B_Dust_t2_Tot,5.209855612,202750.8446,5080.74185,2177.943094,2171.604031,2314.777314,2272.989412,37.44816253,3.412859644,51.27142969,4644.016494,3.238555993,6.891166821,21.23142996,55.981336,34.32711973,0.469352205,0.183310986,72.55449144,6.476666532
67B_Dust_t3_Tot,9.312347058,197393.1153,5928.804957,5752.754902,5316.526699,2904.038251,2740.666166,124.8219583,13.24556103,67.55625667,5876.594296,4.422459371,26.06647367,25.91805739,90.45789492,39.42700579,1.003269004,0.160937942,172.2119207,8.096737046
67B_Dust_t4_Tot,9.790576687,189964.715,7290.106385,5719.575448,7851.096589,3415.225917,3143.075709,217.2123602,12.73148193,75.40385015,6745.440098,4.384911993,17.58501735,32.77247237,85.80692005,54.99110403,1.475594057,0.18221661,110.4138231,8.793867157
67B_Dust_t7_Tot,11.71725441,202215.833,11623.78281,4514.623371,5242.05782,3008.799082,4710.291939,112.0314342,11.74910216,121.0724444,8679.968176,6.432135567,54.65411645,32.87041337,89.29339977,53.62126382,0.642306107,0.226735818,73.03291873,11.56670733
67B_Dust_t9_Tot,9.429575909,198035.5866,7751.216942,3336.451153,4124.540764,2672.325803,3635.384319,103.9421503,6.391261439,73.09599439,4758.436253,4.473375474,10.47960376,25.10139313,106.9506047,47.35520116,4.564295238,0.214946894,67.28492928,7.75041476
67B_Dust_t15_Tot,5.683744607,192340.6723,6837.752208,4273.734869,7326.010589,3140.283939,3320.845273,171.8373063,26.09545358,73.24923918,5929.145127,5.292184839,24.90689578,29.11097656,151.3824992,47.93173317,2.031421407,0.102559119,83.68371929,7.281526199
67B_Dust_t18_Tot,7.876903773,202712.3478,8700.028054,2963.848288,3835.599785,2941.212742,3850.772581,101.4469158,55.04186975,82.84881272,4981.270702,6.856481975,50.44754145,31.26982671,161.4494124,54.10134122,2.135177971,0.077077368,93.10925238,9.159848938
67B_Dust_t23_Tot,6.885924188,211511.9812,9713.112838,4719.285949,7320.229635,3959.535004,4210.104504,208.2461521,28.58161873,110.4264365,6041.568551,7.317746123,25.80753595,28.01635361,129.1396876,59.78170047,1.459269698,0.239421272,106.7756159,10.39313737
,,,,,,,,,,,,,,,,,,,,
BLANK,0.464,43.713,9.162,10.161,89.747,99.121,45.596,0.405,0.135,0.167,3.553,0.033,0.303,0.098,1.321,0.169,0.042,0.007,1.042,0.019
63B_Dust_t0_Tot,8.241214456,236119.16,46.20012355,82.44197211,758.3219359,849.8784114,450.6641858,4.972860512,0.69002809,8.656339757,20.08709357,0.758964609,33.14391127,2.532283202,81.27477818,2.248419429,0.190671166,0,86.30080802,0.209081086
63B_Dust_t0.5_Tot,10.39459481,217054.2334,8904.558643,5343.657463,6609.778435,6786.758883,3795.526059,115.2025352,8.32356779,103.6269236,8475.048277,9.490339841,14.20928585,16.00840396,136.4516521,40.93424685,0.551393619,0.130812061,99.84484586,11.90686989
63B_Dust_t1_Tot,13.62472186,197727.8206,5717.259726,5294.161851,7271.676409,3607.408539,2780.159979,148.3578284,7.443355323,65.4675105,7196.633811,6.389507917,10.63371312,16.10873614,69.05107778,41.63770371,0.381664212,0.085137114,83.99333363,9.649503098
63B_Dust_t2_Tot,7.750790479,202690.8411,6005.513192,4253.774237,4685.669039,3186.361009,2898.90317,168.9365689,6.352780499,67.96297823,6057.005264,6.090518579,8.528916254,13.29523993,57.70635443,41.2419168,1.750125462,0.243449329,101.6533517,9.075626084
63B_Dust_t3_Tot,10.63801226,193818.2043,8437.340393,3428.665919,4130.265114,2828.022281,3930.109343,84.43825637,5.893957353,94.6669167,8794.733615,8.132430132,13.52371397,17.57037353,85.16569749,44.56667985,0.927408597,0.227487942,73.43837537,12.12066236
63B_Dust_t4_Tot,12.34140953,197841.9269,7436.49299,4985.827655,5391.785294,3073.863092,3465.818036,106.3926796,7.364457214,84.20569221,7716.638179,7.107447788,11.39513595,17.10387089,75.2295551,46.86494547,0.805699642,0.201755982,101.9980587,11.25487928
63B_Dust_t7_Tot,14.52252269,182879.59,9538.307527,3963.885988,5131.190483,3344.189207,4013.375707,149.684591,9.088549781,110.9637156,8928.858705,8.351568405,21.73774199,17.10583392,110.7952369,52.81632289,0.913575606,0.287143651,65.63574406,13.04698353
63B_Dust_t9_Tot,8.21352572,203294.7819,8853.262549,4988.199676,7185.509776,3709.774475,3986.809324,196.0663477,7.05494071,96.77388436,6374.24886,7.487079802,12.92405373,13.74172702,101.4109473,51.79271018,1.281926075,0.05990267,88.53283665,12.51710646
63B_Dust_t15_Tot,12.26905115,201280.9903,9856.957189,7109.560792,10105.2063,4604.559496,3863.190829,246.5653459,70.98056961,100.406149,8320.642156,8.914259586,53.183801,15.05743364,168.6504278,54.86787181,2.90251674,0.149340149,83.22801858,11.58059012
63B_Dust_t18_Tot,9.422146048,186065.7909,9130.164802,4693.68573,7594.662959,3328.936188,4673.573348,160.2255086,112.0994187,117.4635517,7568.600138,9.281828581,82.68962751,16.60417444,176.2203346,56.54442853,4.591128192,0.247139684,84.1552281,12.9309712
63B_Dust_t23_Tot,8.184795595,210773.7578,10065.5879,5124.215285,7690.565429,3579.457168,4649.801338,210.0394481,21.26411633,110.9621905,6794.194796,10.24056436,16.20735102,15.55942803,133.4700429,56.32396274,1.539531535,0.161327155,84.1679834,12.80331331
,,,,,,,,,,,,,,,,,,,,
BLANK,0.602,58.047,7.385,8.130,126.844,100.408,47.606,0.484,0.119,0.158,4.093,0.052,0.305,6.620,7.528,0.195,0.161,0.015,1.358,0.349
67D_Dust_t0_Tot,5.017314784,188057.6774,35.54174731,135.731028,830.8573079,8868.290655,32.71743896,1.068764361,1.316447232,7.313123202,40.67145187,0.97797695,17.16051553,1.472919141,102.3851849,1.095848282,27.47594694,0.0405675,58.14622963,0.146178718
67D_Dust_t0.5_Tot,9.680996446,193740.6095,4438.735568,2582.360291,2587.048769,9745.447852,1755.078188,53.85498209,5.695702819,43.95470315,3708.408255,3.302579546,7.648336141,59.12326551,69.36839353,24.54512707,26.53569428,0.235980476,58.28821018,5.034086038
67D_Dust_t1_Tot,7.993730925,207719.289,5225.677734,2074.781014,2690.554301,9229.986773,1960.382304,51.78011622,4.004403701,50.54596741,4299.556854,3.719061639,7.17620912,15.97182943,163.475374,33.3772857,28.76086499,0.210760142,63.84291814,5.157329727
67D_Dust_t2_Tot,8.688105468,178313.3608,5134.652622,1840.280017,2204.380558,7848.828413,2812.051815,47.37603472,3.88052728,65.96433491,4614.96971,4.125467009,7.231431754,15.02734979,40.48257526,41.67341778,29.05042339,0.171056512,70.26259487,5.833421795
67D_Dust_t3_Tot,5.221688243,171794.9028,6532.903773,1843.526328,2119.563277,8821.690379,2899.367253,43.58950357,3.450558785,68.25423958,4903.21039,4.621427755,8.538637396,17.08287949,45.43036435,42.53954217,28.57150289,0.207463073,60.57664157,6.82567964
67D_Dust_t4_Tot,9.437318191,196720.1626,7439.772558,2111.408356,2531.586089,9348.513171,3110.757612,50.81426126,4.578148391,87.50700675,5375.314304,5.270194453,62.41227121,15.12662471,68.83313792,44.47057371,28.3684346,0.167016178,61.83043431,6.652867254
67D_Dust_t7_Tot,7.153556741,182383.2962,8143.523563,2700.978419,3611.014944,9059.359059,3461.036319,65.53155178,5.2229865,89.15170896,5294.012116,5.350593096,22.19909976,14.50298249,70.30409812,51.47378651,27.67926789,0.100748965,57.12638763,7.779568615
67D_Dust_t9_Tot,6.665025072,180454.5458,7635.603295,1618.150945,2338.590651,9455.003154,3356.764729,42.83125085,6.467182731,93.64568018,3716.169361,5.344013524,14.53847419,16.66457694,73.90861834,50.15688551,29.55141722,0.20823173,56.72087597,6.550886683
67D_Dust_t15_Tot,3.929629463,177470.2991,8857.713968,2106.120351,2317.943606,8732.312356,4124.053479,56.58956746,18.8922393,113.5119583,5535.022952,6.609026014,27.87361442,16.78928585,98.25406367,58.27079399,29.2243438,0.06265734,65.84561328,7.444504316
67D_Dust_t18_Tot,4.059352766,173227.5022,8833.033392,1999.625984,2670.79726,9622.903448,3844.586365,65.03749614,127.7705516,115.4079638,4923.665867,8.42794563,109.9742614,14.00172009,148.3072857,62.8211703,29.85013447,0.104105555,80.59851531,6.918905222
67D_Dust_t23_Tot,3.960698973,183520.142,9557.533592,1782.864544,3020.68341,9279.656296,4729.980614,69.68182306,23.22297604,109.2251114,4188.281968,6.097481366,18.01763215,14.12138159,128.0608701,63.02627966,29.48876842,0.204887744,85.74238954,7.620392421
,,,,,,,,,,,,,,,,,,,,
BLANK,0.195,58.044,8.350,7.594,96.918,103.569,56.360,0.472,0.144,0.200,3.534,0.024,0.283,0.120,1.246,0.192,0.122,0.000,1.168,0.023
63D_Dust_t0_Tot,5.574034423,202004.0366,42.20455927,68.35600763,782.1590695,15428.72844,230.8943482,3.117463417,0.50228278,2.238109661,13.06025712,0.234906992,4.491742975,0.872319031,113.633257,1.5862449,19.91202248,0.042423234,84.02227146,0.316387708
63D_Dust_t0.5_Tot,9.98230382,182033.2522,8973.230395,3610.438348,3197.285545,15263.7044,3815.604778,96.95577949,5.23715665,113.6614806,9041.528163,9.596823075,12.67830531,17.65237366,128.8636476,36.69261017,39.94906326,0.131258187,71.54573084,12.39185996
63D_Dust_t1_Tot,10.12662613,201023.8378,8288.459534,2691.513588,2852.291305,13517.71075,3563.580896,59.02250166,5.049875626,96.34521393,7469.015701,8.114626168,13.77726091,16.46518456,79.48021131,39.00289202,37.73458997,0.202584699,62.86671351,11.26770096
63D_Dust_t2_Tot,10.524101,165500.2477,8913.885687,2808.477158,3052.397966,13013.51567,3712.806018,129.2968741,13.63410001,110.6984583,7831.494535,10.12583775,23.72093826,17.1100577,83.36895611,48.37140657,36.71612461,0.279896613,67.10761223,12.64796913
63D_Dust_t3_Tot,3.351173263,155746.9323,9252.475952,2864.149414,3468.437293,12035.64548,4283.919383,78.14319321,9.656004043,128.196629,9171.642585,10.98568772,22.07939887,16.79778128,86.00395862,55.68382509,39.70179399,0.231030391,65.42286637,13.91567677
63D_Dust_t4_Tot,9.243981628,169066.5489,9905.256272,5051.607779,4737.081394,13241.57704,4790.427337,95.08443642,6.321018843,147.2078437,10088.13044,11.40036189,21.03958308,16.18045953,96.83357368,55.97346806,37.10970097,0.16415574,77.1950817,12.23659797
63D_Dust_t7_Tot,10.29410755,187979.7298,13418.2868,3509.75717,3474.05839,14831.39762,5598.920582,105.8918358,7.498199223,156.4354651,11008.68579,13.86311812,25.07223473,15.97378897,134.598691,64.16298024,38.04836616,0.256109603,54.97657191,14.76017767
63D_Dust_t9_Tot,7.866666211,165199.8925,10064.18417,2251.097112,2403.328369,12556.61539,4830.970286,65.3852737,5.341006885,130.8483193,6635.113149,11.69037759,15.85699608,15.43832842,104.4821781,61.8542151,40.59870024,0.124704194,51.52185406,12.39716051
63D_Dust_t15_Tot,9.69223489,204438.4628,11271.57665,3012.910708,3139.99353,15168.48458,5205.116159,82.94671033,6.48899327,146.8277683,7936.231261,11.4762877,18.41812072,13.30161966,102.3988704,68.44283176,41.00987632,0.22683948,51.65466465,11.31319117
63D_Dust_t18_Tot,8.345639013,152379.8693,11527.38766,2929.138175,4892.648675,13150.1829,5698.890339,154.1208856,445.466119,196.2758668,9611.225704,23.76264541,303.8462074,16.30783076,560.8053736,74.98288587,40.97767889,0.377536655,62.65931739,14.27334459
63D_Dust_t23_Tot,6.963409809,189326.7884,12975.83036,3287.814495,5004.856405,14858.06342,6733.080752,153.723143,20.48741832,175.7107648,7482.996138,14.05086978,32.62469523,16.50659719,141.1100254,82.72797584,44.64353532,0.195187581,79.81339487,13.25227893
,,,,,,,,,,,,,,,,,,,,
BLANK,0.199,60.701,7.799,10.735,129.963,103.835,42.265,0.464,0.112,0.191,4.910,0.046,0.336,6.780,7.025,0.161,0.250,0.014,1.373,0.375
67A_Dust_t0_Tot,4.164239132,201673.3853,47.03709008,28467.42878,655.3617312,761.1502526,224.6409535,6.252690373,4.774521057,6.391063445,80.32554064,1.607172574,3.058778782,2.517814962,1058.086264,5.455330982,1.078097,0.021778982,82.83175518,0.272278092
67A_Dust_t0.5_Tot,8.763828784,189973.9272,8869.900941,4843.713823,3951.28465,3058.694647,4114.301889,144.7179987,56.3183553,218.2837758,7278.248051,11.03382962,235.1233518,18.17971573,137.0741544,63.41994662,1.286403548,0.234734708,149.7918721,7.913749567
67A_Dust_t1_Tot,9.496361049,189946.2168,12203.57221,3598.887635,4208.811333,2790.024266,5884.853221,111.2114218,7.101885621,282.8977924,8232.666595,8.496134593,24.47329615,15.00370238,92.09695218,81.94754787,0.546788037,0.249613249,97.36953032,7.785579684
67A_Dust_t2_Tot,6.206554147,156942.4609,15419.56085,3844.961338,5310.20158,2825.312775,7969.131416,166.4335266,12.87731559,431.3398206,9508.3463,10.51587095,36.74127243,11.12720477,110.5541229,111.2561088,0.305949489,0.127025854,110.7698819,8.587154238
67A_Dust_t3_Tot,10.89751584,188435.4065,20798.03634,4239.635233,5271.972317,3152.152651,9742.488634,173.0170712,6.552560041,569.7665266,11706.55554,11.855563,27.97486288,13.04340882,269.252559,119.4889924,0.790435647,0.24645271,132.9124889,10.06837815
67A_Dust_t4_Tot,9.892443533,176543.4385,20393.62217,4245.396519,6061.982546,3244.582406,10664.22654,205.3890612,7.786309009,673.2665334,11087.13979,13.91742866,42.9529428,12.78054481,109.5006497,133.9495451,0.374885394,0.233360002,140.628954,9.732618404
67A_Dust_t7_Tot,8.676297864,182286.6925,28572.38735,4355.453659,6592.3012,3170.678549,15885.25977,251.312382,8.996368561,915.9811937,10450.36635,14.18466005,32.27882943,11.14800327,100.4813254,176.4036935,0.421426426,0.286923613,129.4875758,10.62461384
67A_Dust_t9_Tot,8.183863107,159252.3833,33942.08398,3978.641004,6609.2448,3839.914302,16067.27043,276.9819336,8.969698901,880.0214856,8312.037555,14.42414044,36.02205182,13.01765706,330.586164,175.2172562,1.548118316,0.341785725,134.0873255,9.678410705
67A_Dust_t15_Tot,8.724875902,179364.2107,37709.88706,3453.819191,7970.430841,3082.503402,19423.23412,293.5794416,12.48156258,1067.320797,9213.222467,17.23969581,37.28490265,10.13319249,125.2248126,191.8003418,1.237736974,0.330564611,147.9193512,10.19183189
67A_Dust_t18_Tot,8.028654729,169631.9609,39165.00006,3631.077235,5089.889863,3242.368824,21426.55298,300.7175693,41.38245118,1157.84932,7845.725634,17.7157122,67.71903708,10.20464564,776.5970591,207.1524657,1.660009516,0.411959241,179.5184696,9.867780335
67A_Dust_t23_Tot,6.630520819,164657.9571,38562.93818,3153.811969,4465.392157,2896.097033,23281.93429,369.5764011,12.91948766,1184.551538,7318.00204,17.56207217,41.61717637,10.26485138,128.9425718,218.3959624,0.619544279,0.311345251,168.5496793,10.43323482
Rinse,1.168,42.425,8.559,7.742,98.445,102.909,5.058,0.232,1.027,0.755,5.283,0.686,1.045,0.737,1.959,0.630,0.044,0.551,1.938,0.540
,,,,,,,,,,,,,,,,,,,,
Rinse,0.809,38.353,8.463,6.293,94.454,105.336,3.901,0.241,0.995,0.736,3.448,0.640,0.956,0.750,1.981,0.509,0.028,0.648,1.844,0.613
,,,,,,,,,,,,,,,,,,,,
BLANK,0.631,51.047,6.745,7.238,132.241,115.952,30.541,0.384,0.111,0.175,2.284,0.045,0.324,6.805,7.481,0.148,0.204,0.022,1.274,0.336
63A_Dust_t0_Tot,4.19659814,238532.9212,51.29025702,12564.78917,830.3333728,805.7248914,177.4462021,3.023789283,1.44721705,3.56994735,36.46131822,0.221065071,2.346540348,1.288310289,137.6836013,1.725189738,0.257833097,0,99.05697481,0.155644913
63A_Dust_t0.5_Tot,8.331923858,183191.0867,13859.68077,6861.151008,8592.683306,4027.35361,5663.481994,231.091038,8.434161535,237.5789464,11778.83784,13.73703234,22.32527103,18.06434339,205.4555909,73.63724386,0.539370656,0.217569406,105.9884097,16.04078502
63A_Dust_t1_Tot,6.633288713,195605.4983,13575.73902,3621.937968,4198.442816,2982.020889,6795.607085,108.4578304,6.647240529,385.8550684,10649.22699,14.91888554,25.99678549,13.05950154,197.9589948,84.09537205,0.403789362,0.244857873,96.90383068,12.00969212
63A_Dust_t2_Tot,8.796534331,163854.8587,18513.14522,3161.50057,3247.691157,2859.885372,10346.37751,123.4627276,6.504409544,579.203054,15881.80308,21.94022763,35.57864903,18.38390638,143.1410287,121.782769,0.447190856,0.381681998,116.4909852,17.90346031
63A_Dust_t3_Tot,8.594623214,171994.6295,20904.01313,3655.032044,3416.937554,3108.412956,12237.07752,147.9098927,6.351856965,693.6553872,18601.08479,23.40180557,36.07309847,20.1811451,140.4254556,143.2078652,0.638124578,0.344661291,118.6868113,19.97509573
63A_Dust_t4_Tot,10.08365881,159400.8532,25324.89381,3855.761481,5086.686499,2875.051221,14614.85617,212.5694145,7.43807494,854.1958135,18398.29977,25.8719731,54.10557777,19.97567275,111.3987192,161.7193882,0.520562475,0.428781762,120.5675048,23.172551
63A_Dust_t7_Tot,8.774927775,170848.7526,34829.57753,3571.311869,3635.751601,3158.376598,18458.32611,212.2075361,6.311406041,1026.400875,18696.11078,27.82831755,42.01174999,18.78903592,128.2931214,191.2526341,0.494211243,0.350393716,104.026228,23.4211065
63A_Dust_t9_Tot,4.939312393,165406.879,32144.08663,10593.32566,5153.559042,3322.653527,19330.39001,301.6832517,16.68418028,1161.846661,11780.58137,26.99731375,39.80307005,16.46573834,98.08076619,210.9167794,2.044812806,0.28412713,114.2850413,20.18852883
63A_Dust_t15_Tot,9.043905901,143412.7288,34793.17472,4046.683121,5601.466517,3241.325852,20052.38545,302.0780981,45.04974737,1185.866622,13592.26486,28.25968988,49.45203708,13.40682599,121.253417,210.1463502,2.250982084,0.244397616,107.1213881,18.65122168
63A_Dust_t18_Tot,9.638605486,161803.1508,39941.7093,4375.857193,5854.27433,3474.263476,22908.79523,372.4624085,28.73424446,1301.577603,13047.1019,30.48333914,83.39109116,16.31652701,160.0925921,223.5785349,1.962766668,0.325123573,133.4823392,22.30249094
63A_Dust_t23_Tot,6.344515666,169189.603,39719.89202,5076.14003,6246.432519,3399.838304,25084.36682,471.7797817,12.61486906,1422.110454,12507.64281,30.51329578,60.57194302,16.86946978,789.4798116,243.1328682,0.895198876,0.606396522,143.1930339,24.27687789
,,,,,,,,,,,,,,,,,,,,
BLANK,0.612,82.152,9.552,9.846,121.723,108.438,26.416,0.349,0.101,0.261,5.877,0.048,0.285,6.665,7.637,0.168,0.208,0.004,1.394,0.389
67A_Disk_Imbibed_3days_Tot,5.749936498,201513.0644,1011.818794,118.8718794,888.1506251,2258.215722,705.166555,6.300880191,1.141180882,4.128028188,54.46637203,0.48544151,9.065662474,3.625688762,49.5225054,16.64284845,0.582999985,0.12593669,50.81489945,0.431086447
67C_Disk_Imbibed_3days_Tot,3.370395336,204136.1863,1077.730617,151.5006465,880.7710908,2115.932459,562.1383569,9.892255374,1.314400678,8.243406669,110.3167021,1.180659116,25.35154974,3.846365805,49.44093704,17.98950112,0.96136352,0.04304784,38.88630278,0.248801175
63A_Disk_Imbibed_3days_Tot,4.261936197,186869.4395,1044.762477,647.8661287,885.6519416,1820.446562,679.0753219,7.609645108,0.948570735,5.355082661,68.07634576,6.941755537,8.783584575,4.009827416,61.71185881,18.23207975,1.174348152,0.148817727,25.81143371,0.504179071
63C_Disk_Imbibed_3days_Tot,3.122976058,184350.2913,882.6818233,730.7250433,955.5909296,1864.531604,674.4398593,5.951557349,1.220481655,2.880379496,30.39592805,0.374414126,4.021455034,2.683076983,42.13451785,16.16103439,0.67845924,0.04261277,20.98571629,0.166290563
67A_Dust_Imbibed_3days_Tot,5.851058703,196153.62,1813.735008,211.5419658,1154.078867,1706.052403,1237.580259,12.413567,1.491600587,11.14518555,126.2895361,0.813109344,26.90831302,3.435774228,50.33440141,32.37609373,8.807184487,0.110564313,44.95224932,0.245592547
67C_Dust_Imbibed_3days_Tot,7.234486759,199149.1036,1890.598572,306.5971925,1497.261705,1842.901203,1255.713042,11.1465653,16.62342697,27.43919249,143.6533169,0.906216339,16.95407483,3.52631602,39.07276634,32.60523379,2.083872135,0.065109845,17.75184142,0.595339178
63A_Dust_Imbibed_3days_Tot,4.377268297,187573.4053,2131.783039,206.5307272,1252.105105,5360.41412,1179.67605,11.66423826,1.004166015,7.026532349,81.70179983,0.47887197,4.964198792,4.488955547,57.16385744,35.91602141,2.718199553,0.039831185,33.05114705,0.343778667
63C_Dust_Imbibed_3days_Tot,2.374727594,177180.8201,2001.347027,20456.43293,1261.053448,2433.875279,1498.237954,20.65276201,4.142309171,12.05197917,140.74018,0.927563427,23.79141356,3.250740696,52.09342248,34.3659668,2.46776072,0,36.5498608,0.44041248
,,,,,,,,,,,,,,,,,,,,
BLANK,0.814,60.572,6.151,6.610,116.385,102.523,23.418,0.247,0.147,0.188,2.986,0.052,0.295,7.145,7.240,0.132,0.190,0.014,1.286,0.354
